cluster_name,domain_name,mac_addr,ip,prefix,gateway,machine_cidr,dns_resolver,bmc_addr,bmc_username,bmc_password
sno-test-5-1,sno-experiments.rdu2.scalelab.redhat.com,52:54:00:76:05:01,10.1.61.91,25,10.1.61.126,10.1.61.0/25,10.1.36.1,redfish-virtualmedia+http://10.1.61.20:9000/redfish/v1/Systems/b30eeff0-b8fb-450a-8a4b-911c4259f124,YWRtaW4=,c2VjcmV0ZQ==
sno-test-5-2,sno-experiments.rdu2.scalelab.redhat.com,52:54:00:76:05:02,10.1.61.91,25,10.1.61.126,10.1.61.0/25,10.1.36.1,redfish-virtualmedia+http://10.1.61.20:9000/redfish/v1/Systems/528960eb-f6b3-46f6-b37a-1fc8e162324f,YWRtaW4=,c2VjcmV0ZQ==
sno-test-5-3,sno-experiments.rdu2.scalelab.redhat.com,52:54:00:76:05:03,10.1.61.91,25,10.1.61.126,10.1.61.0/25,10.1.36.1,redfish-virtualmedia+http://10.1.61.20:9000/redfish/v1/Systems/c3de297f-bc29-4f1a-90e3-2b0b18b5eb0c,YWRtaW4=,c2VjcmV0ZQ==
sno-test-5-4,sno-experiments.rdu2.scalelab.redhat.com,52:54:00:76:05:04,10.1.61.91,25,10.1.61.126,10.1.61.0/25,10.1.36.1,redfish-virtualmedia+http://10.1.61.20:9000/redfish/v1/Systems/7549743f-cb9f-426b-b559-18c140731650,YWRtaW4=,c2VjcmV0ZQ==
sno-test-5-5,sno-experiments.rdu2.scalelab.redhat.com,52:54:00:76:05:05,10.1.61.91,25,10.1.61.126,10.1.61.0/25,10.1.36.1,redfish-virtualmedia+http://10.1.61.20:9000/redfish/v1/Systems/f5b629a0-633a-4d3b-8a14-43918e8faa0b,YWRtaW4=,c2VjcmV0ZQ==
sno-test-5-6,sno-experiments.rdu2.scalelab.redhat.com,52:54:00:76:05:06,10.1.61.91,25,10.1.61.126,10.1.61.0/25,10.1.36.1,redfish-virtualmedia+http://10.1.61.20:9000/redfish/v1/Systems/a1c973e8-0bf5-458a-9c18-3c82132b9df3,YWRtaW4=,c2VjcmV0ZQ==
sno-test-5-7,sno-experiments.rdu2.scalelab.redhat.com,52:54:00:76:05:07,10.1.61.91,25,10.1.61.126,10.1.61.0/25,10.1.36.1,redfish-virtualmedia+http://10.1.61.20:9000/redfish/v1/Systems/639ab654-2826-4d9e-87d4-af3eb0c899a3,YWRtaW4=,c2VjcmV0ZQ==
sno-test-5-8,sno-experiments.rdu2.scalelab.redhat.com,52:54:00:76:05:08,10.1.61.91,25,10.1.61.126,10.1.61.0/25,10.1.36.1,redfish-virtualmedia+http://10.1.61.20:9000/redfish/v1/Systems/e2b986f7-cc19-412b-9d96-dce35a8c160e,YWRtaW4=,c2VjcmV0ZQ==
sno-test-5-9,sno-experiments.rdu2.scalelab.redhat.com,52:54:00:76:05:09,10.1.61.91,25,10.1.61.126,10.1.61.0/25,10.1.36.1,redfish-virtualmedia+http://10.1.61.20:9000/redfish/v1/Systems/c4bb4089-d6f1-478a-8edd-f38a0561a90a,YWRtaW4=,c2VjcmV0ZQ==
sno-test-5-10,sno-experiments.rdu2.scalelab.redhat.com,52:54:00:76:05:0a,10.1.61.91,25,10.1.61.126,10.1.61.0/25,10.1.36.1,redfish-virtualmedia+http://10.1.61.20:9000/redfish/v1/Systems/fc65a096-53f9-4730-ace4-cca3ac201b0d,YWRtaW4=,c2VjcmV0ZQ==
sno-test-5-11,sno-experiments.rdu2.scalelab.redhat.com,52:54:00:76:05:0b,10.1.61.91,25,10.1.61.126,10.1.61.0/25,10.1.36.1,redfish-virtualmedia+http://10.1.61.20:9000/redfish/v1/Systems/9858ab16-989e-47f3-abf3-13e2fe6f2c27,YWRtaW4=,c2VjcmV0ZQ==
sno-test-5-12,sno-experiments.rdu2.scalelab.redhat.com,52:54:00:76:05:0c,10.1.61.91,25,10.1.61.126,10.1.61.0/25,10.1.36.1,redfish-virtualmedia+http://10.1.61.20:9000/redfish/v1/Systems/90ac5043-eb46-4e06-b27d-715a26d40b94,YWRtaW4=,c2VjcmV0ZQ==
sno-test-5-13,sno-experiments.rdu2.scalelab.redhat.com,52:54:00:76:05:0d,10.1.61.91,25,10.1.61.126,10.1.61.0/25,10.1.36.1,redfish-virtualmedia+http://10.1.61.20:9000/redfish/v1/Systems/e46c7601-b9a4-4d8d-9f45-7b8c1f6d98ca,YWRtaW4=,c2VjcmV0ZQ==
sno-test-5-14,sno-experiments.rdu2.scalelab.redhat.com,52:54:00:76:05:0e,10.1.61.91,25,10.1.61.126,10.1.61.0/25,10.1.36.1,redfish-virtualmedia+http://10.1.61.20:9000/redfish/v1/Systems/8ed77586-e73d-4e15-9f3b-81b63f4e7b1e,YWRtaW4=,c2VjcmV0ZQ==
sno-test-5-15,sno-experiments.rdu2.scalelab.redhat.com,52:54:00:76:05:0f,10.1.61.91,25,10.1.61.126,10.1.61.0/25,10.1.36.1,redfish-virtualmedia+http://10.1.61.20:9000/redfish/v1/Systems/8ef8a91f-5d18-40d2-b629-762ca470f9bd,YWRtaW4=,c2VjcmV0ZQ==
sno-test-5-16,sno-experiments.rdu2.scalelab.redhat.com,52:54:00:76:05:10,10.1.61.91,25,10.1.61.126,10.1.61.0/25,10.1.36.1,redfish-virtualmedia+http://10.1.61.20:9000/redfish/v1/Systems/df7cc2a8-283e-4c2a-a060-219c7bd3a21f,YWRtaW4=,c2VjcmV0ZQ==
sno-test-5-17,sno-experiments.rdu2.scalelab.redhat.com,52:54:00:76:05:11,10.1.61.91,25,10.1.61.126,10.1.61.0/25,10.1.36.1,redfish-virtualmedia+http://10.1.61.20:9000/redfish/v1/Systems/e94587fb-27cb-4c47-8446-780426911344,YWRtaW4=,c2VjcmV0ZQ==
sno-test-5-18,sno-experiments.rdu2.scalelab.redhat.com,52:54:00:76:05:12,10.1.61.91,25,10.1.61.126,10.1.61.0/25,10.1.36.1,redfish-virtualmedia+http://10.1.61.20:9000/redfish/v1/Systems/af5feb64-41d0-4704-9c2c-879af856843b,YWRtaW4=,c2VjcmV0ZQ==
sno-test-5-19,sno-experiments.rdu2.scalelab.redhat.com,52:54:00:76:05:13,10.1.61.91,25,10.1.61.126,10.1.61.0/25,10.1.36.1,redfish-virtualmedia+http://10.1.61.20:9000/redfish/v1/Systems/31e3e7bf-d13d-4fca-a3d5-1c6cdf6a79db,YWRtaW4=,c2VjcmV0ZQ==
sno-test-5-20,sno-experiments.rdu2.scalelab.redhat.com,52:54:00:76:05:14,10.1.61.91,25,10.1.61.126,10.1.61.0/25,10.1.36.1,redfish-virtualmedia+http://10.1.61.20:9000/redfish/v1/Systems/2db52646-efca-4b3f-be84-8c708c7cc548,YWRtaW4=,c2VjcmV0ZQ==
sno-test-5-21,sno-experiments.rdu2.scalelab.redhat.com,52:54:00:76:05:15,10.1.61.91,25,10.1.61.126,10.1.61.0/25,10.1.36.1,redfish-virtualmedia+http://10.1.61.20:9000/redfish/v1/Systems/fcbcd1e4-ec08-40b6-b31b-988dd699bb0e,YWRtaW4=,c2VjcmV0ZQ==
sno-test-5-22,sno-experiments.rdu2.scalelab.redhat.com,52:54:00:76:05:16,10.1.61.91,25,10.1.61.126,10.1.61.0/25,10.1.36.1,redfish-virtualmedia+http://10.1.61.20:9000/redfish/v1/Systems/4a4b6083-4941-41dc-aef6-eeb63a665695,YWRtaW4=,c2VjcmV0ZQ==
sno-test-5-23,sno-experiments.rdu2.scalelab.redhat.com,52:54:00:76:05:17,10.1.61.91,25,10.1.61.126,10.1.61.0/25,10.1.36.1,redfish-virtualmedia+http://10.1.61.20:9000/redfish/v1/Systems/a38b7031-1749-4531-b999-8d026701a734,YWRtaW4=,c2VjcmV0ZQ==
sno-test-5-24,sno-experiments.rdu2.scalelab.redhat.com,52:54:00:76:05:18,10.1.61.91,25,10.1.61.126,10.1.61.0/25,10.1.36.1,redfish-virtualmedia+http://10.1.61.20:9000/redfish/v1/Systems/b177bb62-78bc-4115-ad80-4eb763af7cc5,YWRtaW4=,c2VjcmV0ZQ==
sno-test-5-25,sno-experiments.rdu2.scalelab.redhat.com,52:54:00:76:05:19,10.1.61.91,25,10.1.61.126,10.1.61.0/25,10.1.36.1,redfish-virtualmedia+http://10.1.61.20:9000/redfish/v1/Systems/e7f62638-433d-469c-9bcd-8358014e78db,YWRtaW4=,c2VjcmV0ZQ==
sno-test-5-26,sno-experiments.rdu2.scalelab.redhat.com,52:54:00:76:05:1a,10.1.61.91,25,10.1.61.126,10.1.61.0/25,10.1.36.1,redfish-virtualmedia+http://10.1.61.20:9000/redfish/v1/Systems/eb1b3f14-bdaf-4368-a01b-893ea384b928,YWRtaW4=,c2VjcmV0ZQ==
sno-test-5-27,sno-experiments.rdu2.scalelab.redhat.com,52:54:00:76:05:1b,10.1.61.91,25,10.1.61.126,10.1.61.0/25,10.1.36.1,redfish-virtualmedia+http://10.1.61.20:9000/redfish/v1/Systems/d8c7eecd-4454-4b2e-aa20-3add048f1a6e,YWRtaW4=,c2VjcmV0ZQ==
sno-test-5-28,sno-experiments.rdu2.scalelab.redhat.com,52:54:00:76:05:1c,10.1.61.91,25,10.1.61.126,10.1.61.0/25,10.1.36.1,redfish-virtualmedia+http://10.1.61.20:9000/redfish/v1/Systems/11a460a6-7247-42b6-88c5-8af3d2846ff0,YWRtaW4=,c2VjcmV0ZQ==
sno-test-5-29,sno-experiments.rdu2.scalelab.redhat.com,52:54:00:76:05:1d,10.1.61.91,25,10.1.61.126,10.1.61.0/25,10.1.36.1,redfish-virtualmedia+http://10.1.61.20:9000/redfish/v1/Systems/d8f66be0-8e9b-43ef-a407-f354e110997b,YWRtaW4=,c2VjcmV0ZQ==
sno-test-5-30,sno-experiments.rdu2.scalelab.redhat.com,52:54:00:76:05:1e,10.1.61.91,25,10.1.61.126,10.1.61.0/25,10.1.36.1,redfish-virtualmedia+http://10.1.61.20:9000/redfish/v1/Systems/8a73aebe-41c3-4364-b93c-5e749d23db71,YWRtaW4=,c2VjcmV0ZQ==
sno-test-5-31,sno-experiments.rdu2.scalelab.redhat.com,52:54:00:76:05:1f,10.1.61.91,25,10.1.61.126,10.1.61.0/25,10.1.36.1,redfish-virtualmedia+http://10.1.61.20:9000/redfish/v1/Systems/f9125a5e-a42d-4d9a-862a-ee2edef1ce98,YWRtaW4=,c2VjcmV0ZQ==
sno-test-5-32,sno-experiments.rdu2.scalelab.redhat.com,52:54:00:76:05:20,10.1.61.91,25,10.1.61.126,10.1.61.0/25,10.1.36.1,redfish-virtualmedia+http://10.1.61.20:9000/redfish/v1/Systems/d2995a55-196a-4059-a20a-206f87691b1a,YWRtaW4=,c2VjcmV0ZQ==
sno-test-5-33,sno-experiments.rdu2.scalelab.redhat.com,52:54:00:76:05:21,10.1.61.91,25,10.1.61.126,10.1.61.0/25,10.1.36.1,redfish-virtualmedia+http://10.1.61.20:9000/redfish/v1/Systems/da7efe60-5fd9-4736-b83f-65d99a6eec31,YWRtaW4=,c2VjcmV0ZQ==
sno-test-5-34,sno-experiments.rdu2.scalelab.redhat.com,52:54:00:76:05:22,10.1.61.91,25,10.1.61.126,10.1.61.0/25,10.1.36.1,redfish-virtualmedia+http://10.1.61.20:9000/redfish/v1/Systems/a95fcdf1-c048-46a5-b84d-059726dee507,YWRtaW4=,c2VjcmV0ZQ==
sno-test-5-35,sno-experiments.rdu2.scalelab.redhat.com,52:54:00:76:05:23,10.1.61.91,25,10.1.61.126,10.1.61.0/25,10.1.36.1,redfish-virtualmedia+http://10.1.61.20:9000/redfish/v1/Systems/4a5eb7d2-fc91-44c8-8f18-111e1b79bc72,YWRtaW4=,c2VjcmV0ZQ==
sno-test-5-36,sno-experiments.rdu2.scalelab.redhat.com,52:54:00:76:05:24,10.1.61.91,25,10.1.61.126,10.1.61.0/25,10.1.36.1,redfish-virtualmedia+http://10.1.61.20:9000/redfish/v1/Systems/4c0a0aef-e3b0-4125-9ca1-df8824e0c2ba,YWRtaW4=,c2VjcmV0ZQ==
sno-test-5-37,sno-experiments.rdu2.scalelab.redhat.com,52:54:00:76:05:25,10.1.61.91,25,10.1.61.126,10.1.61.0/25,10.1.36.1,redfish-virtualmedia+http://10.1.61.20:9000/redfish/v1/Systems/849feb1a-9cc7-4d9b-abb8-bcd0f4cbeb65,YWRtaW4=,c2VjcmV0ZQ==
sno-test-5-38,sno-experiments.rdu2.scalelab.redhat.com,52:54:00:76:05:26,10.1.61.91,25,10.1.61.126,10.1.61.0/25,10.1.36.1,redfish-virtualmedia+http://10.1.61.20:9000/redfish/v1/Systems/7f51671f-05ab-4877-84b8-8f12b78b91f8,YWRtaW4=,c2VjcmV0ZQ==
sno-test-5-39,sno-experiments.rdu2.scalelab.redhat.com,52:54:00:76:05:27,10.1.61.91,25,10.1.61.126,10.1.61.0/25,10.1.36.1,redfish-virtualmedia+http://10.1.61.20:9000/redfish/v1/Systems/2952e18f-6294-4d70-bb89-c0b2eb30ae03,YWRtaW4=,c2VjcmV0ZQ==
sno-test-5-40,sno-experiments.rdu2.scalelab.redhat.com,52:54:00:76:05:28,10.1.61.91,25,10.1.61.126,10.1.61.0/25,10.1.36.1,redfish-virtualmedia+http://10.1.61.20:9000/redfish/v1/Systems/8bdb5e9b-b44a-4f08-afc2-47b282482c67,YWRtaW4=,c2VjcmV0ZQ==
sno-test-5-41,sno-experiments.rdu2.scalelab.redhat.com,52:54:00:76:05:29,10.1.61.91,25,10.1.61.126,10.1.61.0/25,10.1.36.1,redfish-virtualmedia+http://10.1.61.20:9000/redfish/v1/Systems/929fe136-8a5c-4b74-84a0-c19f134186a6,YWRtaW4=,c2VjcmV0ZQ==
sno-test-5-42,sno-experiments.rdu2.scalelab.redhat.com,52:54:00:76:05:2a,10.1.61.91,25,10.1.61.126,10.1.61.0/25,10.1.36.1,redfish-virtualmedia+http://10.1.61.20:9000/redfish/v1/Systems/0d939389-6c1f-44e0-af53-62371ac050cb,YWRtaW4=,c2VjcmV0ZQ==
sno-test-5-43,sno-experiments.rdu2.scalelab.redhat.com,52:54:00:76:05:2b,10.1.61.91,25,10.1.61.126,10.1.61.0/25,10.1.36.1,redfish-virtualmedia+http://10.1.61.20:9000/redfish/v1/Systems/69bc5a53-ef0b-4025-b442-41b697ab00f4,YWRtaW4=,c2VjcmV0ZQ==
sno-test-5-44,sno-experiments.rdu2.scalelab.redhat.com,52:54:00:76:05:2c,10.1.61.91,25,10.1.61.126,10.1.61.0/25,10.1.36.1,redfish-virtualmedia+http://10.1.61.20:9000/redfish/v1/Systems/13eb31da-d32f-4f84-b03d-f1eaf1b23efe,YWRtaW4=,c2VjcmV0ZQ==
sno-test-5-45,sno-experiments.rdu2.scalelab.redhat.com,52:54:00:76:05:2d,10.1.61.91,25,10.1.61.126,10.1.61.0/25,10.1.36.1,redfish-virtualmedia+http://10.1.61.20:9000/redfish/v1/Systems/12160ffa-a128-4215-8b43-fb74ba216716,YWRtaW4=,c2VjcmV0ZQ==
sno-test-5-46,sno-experiments.rdu2.scalelab.redhat.com,52:54:00:76:05:2e,10.1.61.91,25,10.1.61.126,10.1.61.0/25,10.1.36.1,redfish-virtualmedia+http://10.1.61.20:9000/redfish/v1/Systems/8fbc9bac-d2ae-4cad-b95f-950649c5fc72,YWRtaW4=,c2VjcmV0ZQ==
sno-test-5-47,sno-experiments.rdu2.scalelab.redhat.com,52:54:00:76:05:2f,10.1.61.91,25,10.1.61.126,10.1.61.0/25,10.1.36.1,redfish-virtualmedia+http://10.1.61.20:9000/redfish/v1/Systems/83bbd2dc-d988-41f4-9c35-5fcd44290da6,YWRtaW4=,c2VjcmV0ZQ==
sno-test-5-48,sno-experiments.rdu2.scalelab.redhat.com,52:54:00:76:05:30,10.1.61.91,25,10.1.61.126,10.1.61.0/25,10.1.36.1,redfish-virtualmedia+http://10.1.61.20:9000/redfish/v1/Systems/f5bb0d8e-8944-42ad-ad7c-5ba849a2f9c5,YWRtaW4=,c2VjcmV0ZQ==
sno-test-5-49,sno-experiments.rdu2.scalelab.redhat.com,52:54:00:76:05:31,10.1.61.91,25,10.1.61.126,10.1.61.0/25,10.1.36.1,redfish-virtualmedia+http://10.1.61.20:9000/redfish/v1/Systems/265c9e2f-ecd3-4175-922b-6e72c872b078,YWRtaW4=,c2VjcmV0ZQ==
sno-test-5-50,sno-experiments.rdu2.scalelab.redhat.com,52:54:00:76:05:32,10.1.61.91,25,10.1.61.126,10.1.61.0/25,10.1.36.1,redfish-virtualmedia+http://10.1.61.20:9000/redfish/v1/Systems/b654ef80-1063-429e-b2f3-f40237a368c9,YWRtaW4=,c2VjcmV0ZQ==
sno-test-5-51,sno-experiments.rdu2.scalelab.redhat.com,52:54:00:76:05:33,10.1.61.91,25,10.1.61.126,10.1.61.0/25,10.1.36.1,redfish-virtualmedia+http://10.1.61.20:9000/redfish/v1/Systems/3087b263-8162-4028-8752-1647bd6e5a93,YWRtaW4=,c2VjcmV0ZQ==
sno-test-5-52,sno-experiments.rdu2.scalelab.redhat.com,52:54:00:76:05:34,10.1.61.91,25,10.1.61.126,10.1.61.0/25,10.1.36.1,redfish-virtualmedia+http://10.1.61.20:9000/redfish/v1/Systems/a5568003-07b2-425d-b730-8e38da647746,YWRtaW4=,c2VjcmV0ZQ==
sno-test-5-53,sno-experiments.rdu2.scalelab.redhat.com,52:54:00:76:05:35,10.1.61.91,25,10.1.61.126,10.1.61.0/25,10.1.36.1,redfish-virtualmedia+http://10.1.61.20:9000/redfish/v1/Systems/309fc203-93d8-4c17-92e4-02f58ea483f3,YWRtaW4=,c2VjcmV0ZQ==
sno-test-5-54,sno-experiments.rdu2.scalelab.redhat.com,52:54:00:76:05:36,10.1.61.91,25,10.1.61.126,10.1.61.0/25,10.1.36.1,redfish-virtualmedia+http://10.1.61.20:9000/redfish/v1/Systems/45c3041c-5a66-4f9c-a0d7-18a9925f8b69,YWRtaW4=,c2VjcmV0ZQ==
sno-test-5-55,sno-experiments.rdu2.scalelab.redhat.com,52:54:00:76:05:37,10.1.61.91,25,10.1.61.126,10.1.61.0/25,10.1.36.1,redfish-virtualmedia+http://10.1.61.20:9000/redfish/v1/Systems/5de5e452-c5d4-46d7-b08b-10de430000e2,YWRtaW4=,c2VjcmV0ZQ==
sno-test-5-56,sno-experiments.rdu2.scalelab.redhat.com,52:54:00:76:05:38,10.1.61.91,25,10.1.61.126,10.1.61.0/25,10.1.36.1,redfish-virtualmedia+http://10.1.61.20:9000/redfish/v1/Systems/78912336-46bd-4111-8b37-f5195122ef4d,YWRtaW4=,c2VjcmV0ZQ==
sno-test-5-57,sno-experiments.rdu2.scalelab.redhat.com,52:54:00:76:05:39,10.1.61.91,25,10.1.61.126,10.1.61.0/25,10.1.36.1,redfish-virtualmedia+http://10.1.61.20:9000/redfish/v1/Systems/c300fe51-4bbd-4557-ad29-c06a4310a442,YWRtaW4=,c2VjcmV0ZQ==
sno-test-5-58,sno-experiments.rdu2.scalelab.redhat.com,52:54:00:76:05:3a,10.1.61.91,25,10.1.61.126,10.1.61.0/25,10.1.36.1,redfish-virtualmedia+http://10.1.61.20:9000/redfish/v1/Systems/ef96c3bd-0c4c-4067-8ff2-df2e68001c95,YWRtaW4=,c2VjcmV0ZQ==
sno-test-5-59,sno-experiments.rdu2.scalelab.redhat.com,52:54:00:76:05:3b,10.1.61.91,25,10.1.61.126,10.1.61.0/25,10.1.36.1,redfish-virtualmedia+http://10.1.61.20:9000/redfish/v1/Systems/bce9551d-4a10-4575-add0-6c15d8ef7f59,YWRtaW4=,c2VjcmV0ZQ==
sno-test-5-60,sno-experiments.rdu2.scalelab.redhat.com,52:54:00:76:05:3c,10.1.61.91,25,10.1.61.126,10.1.61.0/25,10.1.36.1,redfish-virtualmedia+http://10.1.61.20:9000/redfish/v1/Systems/8b1261a2-a5ab-48de-92bc-28d4c64761fe,YWRtaW4=,c2VjcmV0ZQ==
sno-test-5-61,sno-experiments.rdu2.scalelab.redhat.com,52:54:00:76:05:3d,10.1.61.91,25,10.1.61.126,10.1.61.0/25,10.1.36.1,redfish-virtualmedia+http://10.1.61.20:9000/redfish/v1/Systems/bdcab945-7d06-42f0-8342-15260d52301e,YWRtaW4=,c2VjcmV0ZQ==
sno-test-5-62,sno-experiments.rdu2.scalelab.redhat.com,52:54:00:76:05:3e,10.1.61.91,25,10.1.61.126,10.1.61.0/25,10.1.36.1,redfish-virtualmedia+http://10.1.61.20:9000/redfish/v1/Systems/1a2725e2-5f26-4a5f-9ed6-34ee8017fe74,YWRtaW4=,c2VjcmV0ZQ==
sno-test-5-63,sno-experiments.rdu2.scalelab.redhat.com,52:54:00:76:05:3f,10.1.61.91,25,10.1.61.126,10.1.61.0/25,10.1.36.1,redfish-virtualmedia+http://10.1.61.20:9000/redfish/v1/Systems/aedff8e8-f497-4c3c-afb9-a8400a0ff80b,YWRtaW4=,c2VjcmV0ZQ==
sno-test-5-64,sno-experiments.rdu2.scalelab.redhat.com,52:54:00:76:05:40,10.1.61.91,25,10.1.61.126,10.1.61.0/25,10.1.36.1,redfish-virtualmedia+http://10.1.61.20:9000/redfish/v1/Systems/48039c83-834b-41e2-9aba-3fc34e0b2ba4,YWRtaW4=,c2VjcmV0ZQ==
sno-test-5-65,sno-experiments.rdu2.scalelab.redhat.com,52:54:00:76:05:41,10.1.61.91,25,10.1.61.126,10.1.61.0/25,10.1.36.1,redfish-virtualmedia+http://10.1.61.20:9000/redfish/v1/Systems/97cfd63e-8ff4-4155-bddb-925e25056a08,YWRtaW4=,c2VjcmV0ZQ==
sno-test-5-66,sno-experiments.rdu2.scalelab.redhat.com,52:54:00:76:05:42,10.1.61.91,25,10.1.61.126,10.1.61.0/25,10.1.36.1,redfish-virtualmedia+http://10.1.61.20:9000/redfish/v1/Systems/949627d6-b32b-402c-a7b1-656465548a2b,YWRtaW4=,c2VjcmV0ZQ==
sno-test-5-67,sno-experiments.rdu2.scalelab.redhat.com,52:54:00:76:05:43,10.1.61.91,25,10.1.61.126,10.1.61.0/25,10.1.36.1,redfish-virtualmedia+http://10.1.61.20:9000/redfish/v1/Systems/1beb7383-34ae-44b3-b855-aca96c805903,YWRtaW4=,c2VjcmV0ZQ==
sno-test-5-68,sno-experiments.rdu2.scalelab.redhat.com,52:54:00:76:05:44,10.1.61.91,25,10.1.61.126,10.1.61.0/25,10.1.36.1,redfish-virtualmedia+http://10.1.61.20:9000/redfish/v1/Systems/7efb38bc-5022-466e-abd7-d7830953b3e4,YWRtaW4=,c2VjcmV0ZQ==
sno-test-5-69,sno-experiments.rdu2.scalelab.redhat.com,52:54:00:76:05:45,10.1.61.91,25,10.1.61.126,10.1.61.0/25,10.1.36.1,redfish-virtualmedia+http://10.1.61.20:9000/redfish/v1/Systems/e54b580b-dbce-4643-a75d-43e758130a7c,YWRtaW4=,c2VjcmV0ZQ==
sno-test-5-70,sno-experiments.rdu2.scalelab.redhat.com,52:54:00:76:05:46,10.1.61.91,25,10.1.61.126,10.1.61.0/25,10.1.36.1,redfish-virtualmedia+http://10.1.61.20:9000/redfish/v1/Systems/c8d6df13-af6a-4150-93c8-6e4101ea6906,YWRtaW4=,c2VjcmV0ZQ==
sno-test-5-71,sno-experiments.rdu2.scalelab.redhat.com,52:54:00:76:05:47,10.1.61.91,25,10.1.61.126,10.1.61.0/25,10.1.36.1,redfish-virtualmedia+http://10.1.61.20:9000/redfish/v1/Systems/d7d50791-9e79-4152-9308-780dafd51981,YWRtaW4=,c2VjcmV0ZQ==
sno-test-5-72,sno-experiments.rdu2.scalelab.redhat.com,52:54:00:76:05:48,10.1.61.91,25,10.1.61.126,10.1.61.0/25,10.1.36.1,redfish-virtualmedia+http://10.1.61.20:9000/redfish/v1/Systems/1e5de0f4-ca7c-4c1d-9916-18a3dcd3448a,YWRtaW4=,c2VjcmV0ZQ==
sno-test-5-73,sno-experiments.rdu2.scalelab.redhat.com,52:54:00:76:05:49,10.1.61.91,25,10.1.61.126,10.1.61.0/25,10.1.36.1,redfish-virtualmedia+http://10.1.61.20:9000/redfish/v1/Systems/494baae7-4102-4162-945c-b040d42bb785,YWRtaW4=,c2VjcmV0ZQ==
sno-test-5-74,sno-experiments.rdu2.scalelab.redhat.com,52:54:00:76:05:4a,10.1.61.91,25,10.1.61.126,10.1.61.0/25,10.1.36.1,redfish-virtualmedia+http://10.1.61.20:9000/redfish/v1/Systems/4262d78b-a6b9-4729-96f1-de2ee539afa7,YWRtaW4=,c2VjcmV0ZQ==
sno-test-5-75,sno-experiments.rdu2.scalelab.redhat.com,52:54:00:76:05:4b,10.1.61.91,25,10.1.61.126,10.1.61.0/25,10.1.36.1,redfish-virtualmedia+http://10.1.61.20:9000/redfish/v1/Systems/1fc7dbaf-057b-41f0-8a11-9bed1a12e306,YWRtaW4=,c2VjcmV0ZQ==
sno-test-5-76,sno-experiments.rdu2.scalelab.redhat.com,52:54:00:76:05:4c,10.1.61.91,25,10.1.61.126,10.1.61.0/25,10.1.36.1,redfish-virtualmedia+http://10.1.61.20:9000/redfish/v1/Systems/d6b1c486-2fba-4ae1-8b86-592de06a37ab,YWRtaW4=,c2VjcmV0ZQ==
sno-test-5-77,sno-experiments.rdu2.scalelab.redhat.com,52:54:00:76:05:4d,10.1.61.91,25,10.1.61.126,10.1.61.0/25,10.1.36.1,redfish-virtualmedia+http://10.1.61.20:9000/redfish/v1/Systems/a72e7c7c-99d4-4fbb-bdca-a3e327c9b2de,YWRtaW4=,c2VjcmV0ZQ==
sno-test-5-78,sno-experiments.rdu2.scalelab.redhat.com,52:54:00:76:05:4e,10.1.61.91,25,10.1.61.126,10.1.61.0/25,10.1.36.1,redfish-virtualmedia+http://10.1.61.20:9000/redfish/v1/Systems/ab5499f1-b492-49a8-89cd-e57fc106918f,YWRtaW4=,c2VjcmV0ZQ==
sno-test-5-79,sno-experiments.rdu2.scalelab.redhat.com,52:54:00:76:05:4f,10.1.61.91,25,10.1.61.126,10.1.61.0/25,10.1.36.1,redfish-virtualmedia+http://10.1.61.20:9000/redfish/v1/Systems/51da579a-cdab-4d5e-8738-cc95fc855873,YWRtaW4=,c2VjcmV0ZQ==
sno-test-5-80,sno-experiments.rdu2.scalelab.redhat.com,52:54:00:76:05:50,10.1.61.91,25,10.1.61.126,10.1.61.0/25,10.1.36.1,redfish-virtualmedia+http://10.1.61.20:9000/redfish/v1/Systems/14eaf043-e05c-4098-b4f3-cccc0bc513a2,YWRtaW4=,c2VjcmV0ZQ==
sno-test-6-1,sno-experiments.rdu2.scalelab.redhat.com,52:54:00:76:06:01,10.1.61.91,25,10.1.61.126,10.1.61.0/25,10.1.36.1,redfish-virtualmedia+http://10.1.61.21:9000/redfish/v1/Systems/3c7df49c-608c-4cce-a208-8ec1ba1f1550,YWRtaW4=,c2VjcmV0ZQ==
sno-test-6-2,sno-experiments.rdu2.scalelab.redhat.com,52:54:00:76:06:02,10.1.61.91,25,10.1.61.126,10.1.61.0/25,10.1.36.1,redfish-virtualmedia+http://10.1.61.21:9000/redfish/v1/Systems/69c50a67-cafe-47ee-8813-4d90c4695033,YWRtaW4=,c2VjcmV0ZQ==
sno-test-6-3,sno-experiments.rdu2.scalelab.redhat.com,52:54:00:76:06:03,10.1.61.91,25,10.1.61.126,10.1.61.0/25,10.1.36.1,redfish-virtualmedia+http://10.1.61.21:9000/redfish/v1/Systems/d95e5922-964c-4a45-a090-c2ce73024cd0,YWRtaW4=,c2VjcmV0ZQ==
sno-test-6-4,sno-experiments.rdu2.scalelab.redhat.com,52:54:00:76:06:04,10.1.61.91,25,10.1.61.126,10.1.61.0/25,10.1.36.1,redfish-virtualmedia+http://10.1.61.21:9000/redfish/v1/Systems/b73fa9ac-ceac-4ebf-b511-5752de034dd3,YWRtaW4=,c2VjcmV0ZQ==
sno-test-6-5,sno-experiments.rdu2.scalelab.redhat.com,52:54:00:76:06:05,10.1.61.91,25,10.1.61.126,10.1.61.0/25,10.1.36.1,redfish-virtualmedia+http://10.1.61.21:9000/redfish/v1/Systems/d7eefe0b-bb7c-4d9e-a9a6-1c642a817454,YWRtaW4=,c2VjcmV0ZQ==
sno-test-6-6,sno-experiments.rdu2.scalelab.redhat.com,52:54:00:76:06:06,10.1.61.91,25,10.1.61.126,10.1.61.0/25,10.1.36.1,redfish-virtualmedia+http://10.1.61.21:9000/redfish/v1/Systems/056520d9-c443-4d4e-aab2-9b1e61732ff5,YWRtaW4=,c2VjcmV0ZQ==
sno-test-6-7,sno-experiments.rdu2.scalelab.redhat.com,52:54:00:76:06:07,10.1.61.91,25,10.1.61.126,10.1.61.0/25,10.1.36.1,redfish-virtualmedia+http://10.1.61.21:9000/redfish/v1/Systems/e5b81208-8034-4a7c-9f21-2d5703bcdb6e,YWRtaW4=,c2VjcmV0ZQ==
sno-test-6-8,sno-experiments.rdu2.scalelab.redhat.com,52:54:00:76:06:08,10.1.61.91,25,10.1.61.126,10.1.61.0/25,10.1.36.1,redfish-virtualmedia+http://10.1.61.21:9000/redfish/v1/Systems/5c079c83-4e1b-4bac-8a8f-5fa5a4ca2ce7,YWRtaW4=,c2VjcmV0ZQ==
sno-test-6-9,sno-experiments.rdu2.scalelab.redhat.com,52:54:00:76:06:09,10.1.61.91,25,10.1.61.126,10.1.61.0/25,10.1.36.1,redfish-virtualmedia+http://10.1.61.21:9000/redfish/v1/Systems/03955249-e8a5-49c1-b377-576cb8ed5fbb,YWRtaW4=,c2VjcmV0ZQ==
sno-test-6-10,sno-experiments.rdu2.scalelab.redhat.com,52:54:00:76:06:0a,10.1.61.91,25,10.1.61.126,10.1.61.0/25,10.1.36.1,redfish-virtualmedia+http://10.1.61.21:9000/redfish/v1/Systems/dd9a321a-febb-431f-989c-79ee69a098ee,YWRtaW4=,c2VjcmV0ZQ==
sno-test-6-11,sno-experiments.rdu2.scalelab.redhat.com,52:54:00:76:06:0b,10.1.61.91,25,10.1.61.126,10.1.61.0/25,10.1.36.1,redfish-virtualmedia+http://10.1.61.21:9000/redfish/v1/Systems/4200a4fd-0a6f-482a-b000-e06e04d99b33,YWRtaW4=,c2VjcmV0ZQ==
sno-test-6-12,sno-experiments.rdu2.scalelab.redhat.com,52:54:00:76:06:0c,10.1.61.91,25,10.1.61.126,10.1.61.0/25,10.1.36.1,redfish-virtualmedia+http://10.1.61.21:9000/redfish/v1/Systems/5e174062-484f-4022-ad72-8ba9921db115,YWRtaW4=,c2VjcmV0ZQ==
sno-test-6-13,sno-experiments.rdu2.scalelab.redhat.com,52:54:00:76:06:0d,10.1.61.91,25,10.1.61.126,10.1.61.0/25,10.1.36.1,redfish-virtualmedia+http://10.1.61.21:9000/redfish/v1/Systems/745022c4-64be-4bc7-a6b1-c6852826ad26,YWRtaW4=,c2VjcmV0ZQ==
sno-test-6-14,sno-experiments.rdu2.scalelab.redhat.com,52:54:00:76:06:0e,10.1.61.91,25,10.1.61.126,10.1.61.0/25,10.1.36.1,redfish-virtualmedia+http://10.1.61.21:9000/redfish/v1/Systems/3b19dce5-f551-453c-8ffd-f3b9de4f8c80,YWRtaW4=,c2VjcmV0ZQ==
sno-test-6-15,sno-experiments.rdu2.scalelab.redhat.com,52:54:00:76:06:0f,10.1.61.91,25,10.1.61.126,10.1.61.0/25,10.1.36.1,redfish-virtualmedia+http://10.1.61.21:9000/redfish/v1/Systems/ae704ff1-af71-43ab-a85e-f62a665c6a99,YWRtaW4=,c2VjcmV0ZQ==
sno-test-6-16,sno-experiments.rdu2.scalelab.redhat.com,52:54:00:76:06:10,10.1.61.91,25,10.1.61.126,10.1.61.0/25,10.1.36.1,redfish-virtualmedia+http://10.1.61.21:9000/redfish/v1/Systems/d577cb89-3d1d-4ce2-bee2-50d90daced9c,YWRtaW4=,c2VjcmV0ZQ==
sno-test-6-17,sno-experiments.rdu2.scalelab.redhat.com,52:54:00:76:06:11,10.1.61.91,25,10.1.61.126,10.1.61.0/25,10.1.36.1,redfish-virtualmedia+http://10.1.61.21:9000/redfish/v1/Systems/01cd7c9c-f01e-417e-8653-3c075f255cd4,YWRtaW4=,c2VjcmV0ZQ==
sno-test-6-18,sno-experiments.rdu2.scalelab.redhat.com,52:54:00:76:06:12,10.1.61.91,25,10.1.61.126,10.1.61.0/25,10.1.36.1,redfish-virtualmedia+http://10.1.61.21:9000/redfish/v1/Systems/08e37ffe-52a0-4ba5-ae4d-95af3dd627c6,YWRtaW4=,c2VjcmV0ZQ==
sno-test-6-19,sno-experiments.rdu2.scalelab.redhat.com,52:54:00:76:06:13,10.1.61.91,25,10.1.61.126,10.1.61.0/25,10.1.36.1,redfish-virtualmedia+http://10.1.61.21:9000/redfish/v1/Systems/c5cbd258-964d-4c3d-9677-93c7467331fc,YWRtaW4=,c2VjcmV0ZQ==
sno-test-6-20,sno-experiments.rdu2.scalelab.redhat.com,52:54:00:76:06:14,10.1.61.91,25,10.1.61.126,10.1.61.0/25,10.1.36.1,redfish-virtualmedia+http://10.1.61.21:9000/redfish/v1/Systems/9ff55b7e-5264-48f3-bf14-92de0ccda1aa,YWRtaW4=,c2VjcmV0ZQ==
sno-test-6-21,sno-experiments.rdu2.scalelab.redhat.com,52:54:00:76:06:15,10.1.61.91,25,10.1.61.126,10.1.61.0/25,10.1.36.1,redfish-virtualmedia+http://10.1.61.21:9000/redfish/v1/Systems/6fe5fccf-2a4a-4298-b77a-a067a8445552,YWRtaW4=,c2VjcmV0ZQ==
sno-test-6-22,sno-experiments.rdu2.scalelab.redhat.com,52:54:00:76:06:16,10.1.61.91,25,10.1.61.126,10.1.61.0/25,10.1.36.1,redfish-virtualmedia+http://10.1.61.21:9000/redfish/v1/Systems/a16dea54-2ff2-469d-a927-07b8ab1c8d60,YWRtaW4=,c2VjcmV0ZQ==
sno-test-6-23,sno-experiments.rdu2.scalelab.redhat.com,52:54:00:76:06:17,10.1.61.91,25,10.1.61.126,10.1.61.0/25,10.1.36.1,redfish-virtualmedia+http://10.1.61.21:9000/redfish/v1/Systems/4f84403d-045a-4b6c-bc89-38e791b7d7a3,YWRtaW4=,c2VjcmV0ZQ==
sno-test-6-24,sno-experiments.rdu2.scalelab.redhat.com,52:54:00:76:06:18,10.1.61.91,25,10.1.61.126,10.1.61.0/25,10.1.36.1,redfish-virtualmedia+http://10.1.61.21:9000/redfish/v1/Systems/a2f01ec5-e01d-4c42-aa23-0e4d8b9888d3,YWRtaW4=,c2VjcmV0ZQ==
sno-test-6-25,sno-experiments.rdu2.scalelab.redhat.com,52:54:00:76:06:19,10.1.61.91,25,10.1.61.126,10.1.61.0/25,10.1.36.1,redfish-virtualmedia+http://10.1.61.21:9000/redfish/v1/Systems/9db4fde0-1ec3-42f9-923d-dfb12b581dca,YWRtaW4=,c2VjcmV0ZQ==
sno-test-6-26,sno-experiments.rdu2.scalelab.redhat.com,52:54:00:76:06:1a,10.1.61.91,25,10.1.61.126,10.1.61.0/25,10.1.36.1,redfish-virtualmedia+http://10.1.61.21:9000/redfish/v1/Systems/7dc5a640-b942-4b40-ab38-6f182ea2e4db,YWRtaW4=,c2VjcmV0ZQ==
sno-test-6-27,sno-experiments.rdu2.scalelab.redhat.com,52:54:00:76:06:1b,10.1.61.91,25,10.1.61.126,10.1.61.0/25,10.1.36.1,redfish-virtualmedia+http://10.1.61.21:9000/redfish/v1/Systems/dd4a98e2-0931-4493-b3c7-d5c3b1920d75,YWRtaW4=,c2VjcmV0ZQ==
sno-test-6-28,sno-experiments.rdu2.scalelab.redhat.com,52:54:00:76:06:1c,10.1.61.91,25,10.1.61.126,10.1.61.0/25,10.1.36.1,redfish-virtualmedia+http://10.1.61.21:9000/redfish/v1/Systems/80985308-f463-4389-a104-39227d8241af,YWRtaW4=,c2VjcmV0ZQ==
sno-test-6-29,sno-experiments.rdu2.scalelab.redhat.com,52:54:00:76:06:1d,10.1.61.91,25,10.1.61.126,10.1.61.0/25,10.1.36.1,redfish-virtualmedia+http://10.1.61.21:9000/redfish/v1/Systems/90a20238-c3b3-460c-b425-5b90ef602f5d,YWRtaW4=,c2VjcmV0ZQ==
sno-test-6-30,sno-experiments.rdu2.scalelab.redhat.com,52:54:00:76:06:1e,10.1.61.91,25,10.1.61.126,10.1.61.0/25,10.1.36.1,redfish-virtualmedia+http://10.1.61.21:9000/redfish/v1/Systems/b273b1b5-6c0f-4055-a911-b6c180ce156f,YWRtaW4=,c2VjcmV0ZQ==
sno-test-6-31,sno-experiments.rdu2.scalelab.redhat.com,52:54:00:76:06:1f,10.1.61.91,25,10.1.61.126,10.1.61.0/25,10.1.36.1,redfish-virtualmedia+http://10.1.61.21:9000/redfish/v1/Systems/ff6d4efe-d59e-4456-bd24-de706f8a6db8,YWRtaW4=,c2VjcmV0ZQ==
sno-test-6-32,sno-experiments.rdu2.scalelab.redhat.com,52:54:00:76:06:20,10.1.61.91,25,10.1.61.126,10.1.61.0/25,10.1.36.1,redfish-virtualmedia+http://10.1.61.21:9000/redfish/v1/Systems/36727ef9-2da5-4a71-9064-2040bfe534da,YWRtaW4=,c2VjcmV0ZQ==
sno-test-6-33,sno-experiments.rdu2.scalelab.redhat.com,52:54:00:76:06:21,10.1.61.91,25,10.1.61.126,10.1.61.0/25,10.1.36.1,redfish-virtualmedia+http://10.1.61.21:9000/redfish/v1/Systems/0d67c196-039f-4108-a0d0-158018c538b5,YWRtaW4=,c2VjcmV0ZQ==
sno-test-6-34,sno-experiments.rdu2.scalelab.redhat.com,52:54:00:76:06:22,10.1.61.91,25,10.1.61.126,10.1.61.0/25,10.1.36.1,redfish-virtualmedia+http://10.1.61.21:9000/redfish/v1/Systems/12483126-6d88-4f44-870a-75c21b0676bd,YWRtaW4=,c2VjcmV0ZQ==
sno-test-6-35,sno-experiments.rdu2.scalelab.redhat.com,52:54:00:76:06:23,10.1.61.91,25,10.1.61.126,10.1.61.0/25,10.1.36.1,redfish-virtualmedia+http://10.1.61.21:9000/redfish/v1/Systems/dfddd7e7-b87b-44dc-a632-7214bfe8dddd,YWRtaW4=,c2VjcmV0ZQ==
sno-test-6-36,sno-experiments.rdu2.scalelab.redhat.com,52:54:00:76:06:24,10.1.61.91,25,10.1.61.126,10.1.61.0/25,10.1.36.1,redfish-virtualmedia+http://10.1.61.21:9000/redfish/v1/Systems/092802f6-958c-4467-acad-c3b4db0860b2,YWRtaW4=,c2VjcmV0ZQ==
sno-test-6-37,sno-experiments.rdu2.scalelab.redhat.com,52:54:00:76:06:25,10.1.61.91,25,10.1.61.126,10.1.61.0/25,10.1.36.1,redfish-virtualmedia+http://10.1.61.21:9000/redfish/v1/Systems/6a30e402-0731-471e-b5f7-a3b65320f068,YWRtaW4=,c2VjcmV0ZQ==
sno-test-6-38,sno-experiments.rdu2.scalelab.redhat.com,52:54:00:76:06:26,10.1.61.91,25,10.1.61.126,10.1.61.0/25,10.1.36.1,redfish-virtualmedia+http://10.1.61.21:9000/redfish/v1/Systems/f947c880-e33d-460a-9937-b3ff2017156f,YWRtaW4=,c2VjcmV0ZQ==
sno-test-6-39,sno-experiments.rdu2.scalelab.redhat.com,52:54:00:76:06:27,10.1.61.91,25,10.1.61.126,10.1.61.0/25,10.1.36.1,redfish-virtualmedia+http://10.1.61.21:9000/redfish/v1/Systems/30b8cb4d-9f58-4c1f-9686-2e332fd1645f,YWRtaW4=,c2VjcmV0ZQ==
sno-test-6-40,sno-experiments.rdu2.scalelab.redhat.com,52:54:00:76:06:28,10.1.61.91,25,10.1.61.126,10.1.61.0/25,10.1.36.1,redfish-virtualmedia+http://10.1.61.21:9000/redfish/v1/Systems/3ca98800-647f-4992-a03e-7fb98b078086,YWRtaW4=,c2VjcmV0ZQ==
sno-test-6-41,sno-experiments.rdu2.scalelab.redhat.com,52:54:00:76:06:29,10.1.61.91,25,10.1.61.126,10.1.61.0/25,10.1.36.1,redfish-virtualmedia+http://10.1.61.21:9000/redfish/v1/Systems/31b49c06-9e54-4662-8d1e-725c526626b9,YWRtaW4=,c2VjcmV0ZQ==
sno-test-6-42,sno-experiments.rdu2.scalelab.redhat.com,52:54:00:76:06:2a,10.1.61.91,25,10.1.61.126,10.1.61.0/25,10.1.36.1,redfish-virtualmedia+http://10.1.61.21:9000/redfish/v1/Systems/50b8db43-3e5d-467e-8dd8-b71f94792dad,YWRtaW4=,c2VjcmV0ZQ==
sno-test-6-43,sno-experiments.rdu2.scalelab.redhat.com,52:54:00:76:06:2b,10.1.61.91,25,10.1.61.126,10.1.61.0/25,10.1.36.1,redfish-virtualmedia+http://10.1.61.21:9000/redfish/v1/Systems/38635e32-d715-4fe0-9c16-271b49170db1,YWRtaW4=,c2VjcmV0ZQ==
sno-test-6-44,sno-experiments.rdu2.scalelab.redhat.com,52:54:00:76:06:2c,10.1.61.91,25,10.1.61.126,10.1.61.0/25,10.1.36.1,redfish-virtualmedia+http://10.1.61.21:9000/redfish/v1/Systems/a4add240-a740-4bc2-8669-e7f00d8c5906,YWRtaW4=,c2VjcmV0ZQ==
sno-test-6-45,sno-experiments.rdu2.scalelab.redhat.com,52:54:00:76:06:2d,10.1.61.91,25,10.1.61.126,10.1.61.0/25,10.1.36.1,redfish-virtualmedia+http://10.1.61.21:9000/redfish/v1/Systems/1fbbbf99-2ed6-4f38-b027-3f11eb257ba4,YWRtaW4=,c2VjcmV0ZQ==
sno-test-6-46,sno-experiments.rdu2.scalelab.redhat.com,52:54:00:76:06:2e,10.1.61.91,25,10.1.61.126,10.1.61.0/25,10.1.36.1,redfish-virtualmedia+http://10.1.61.21:9000/redfish/v1/Systems/d3851289-bd09-4cff-be89-e2af88d1b210,YWRtaW4=,c2VjcmV0ZQ==
sno-test-6-47,sno-experiments.rdu2.scalelab.redhat.com,52:54:00:76:06:2f,10.1.61.91,25,10.1.61.126,10.1.61.0/25,10.1.36.1,redfish-virtualmedia+http://10.1.61.21:9000/redfish/v1/Systems/8d555b3e-cbba-4ccd-b462-65293de07635,YWRtaW4=,c2VjcmV0ZQ==
sno-test-6-48,sno-experiments.rdu2.scalelab.redhat.com,52:54:00:76:06:30,10.1.61.91,25,10.1.61.126,10.1.61.0/25,10.1.36.1,redfish-virtualmedia+http://10.1.61.21:9000/redfish/v1/Systems/e4a281c0-0281-4775-ae95-ebd167592b43,YWRtaW4=,c2VjcmV0ZQ==
sno-test-6-49,sno-experiments.rdu2.scalelab.redhat.com,52:54:00:76:06:31,10.1.61.91,25,10.1.61.126,10.1.61.0/25,10.1.36.1,redfish-virtualmedia+http://10.1.61.21:9000/redfish/v1/Systems/6e6c12bf-88d8-468f-8c9e-80c5fc34e02d,YWRtaW4=,c2VjcmV0ZQ==
sno-test-6-50,sno-experiments.rdu2.scalelab.redhat.com,52:54:00:76:06:32,10.1.61.91,25,10.1.61.126,10.1.61.0/25,10.1.36.1,redfish-virtualmedia+http://10.1.61.21:9000/redfish/v1/Systems/9c86c435-ae7f-4838-aee7-e0eac7d66527,YWRtaW4=,c2VjcmV0ZQ==
sno-test-6-51,sno-experiments.rdu2.scalelab.redhat.com,52:54:00:76:06:33,10.1.61.91,25,10.1.61.126,10.1.61.0/25,10.1.36.1,redfish-virtualmedia+http://10.1.61.21:9000/redfish/v1/Systems/4dda1a1c-f8a7-49d3-8385-2a15324d42b7,YWRtaW4=,c2VjcmV0ZQ==
sno-test-6-52,sno-experiments.rdu2.scalelab.redhat.com,52:54:00:76:06:34,10.1.61.91,25,10.1.61.126,10.1.61.0/25,10.1.36.1,redfish-virtualmedia+http://10.1.61.21:9000/redfish/v1/Systems/d10a6df2-568d-434d-8b37-be31bf16e8e8,YWRtaW4=,c2VjcmV0ZQ==
sno-test-6-53,sno-experiments.rdu2.scalelab.redhat.com,52:54:00:76:06:35,10.1.61.91,25,10.1.61.126,10.1.61.0/25,10.1.36.1,redfish-virtualmedia+http://10.1.61.21:9000/redfish/v1/Systems/c37a5c1c-6273-405c-9d56-0863ed87d8b6,YWRtaW4=,c2VjcmV0ZQ==
sno-test-6-54,sno-experiments.rdu2.scalelab.redhat.com,52:54:00:76:06:36,10.1.61.91,25,10.1.61.126,10.1.61.0/25,10.1.36.1,redfish-virtualmedia+http://10.1.61.21:9000/redfish/v1/Systems/e2f6e83a-b295-4ec8-b156-ae3adcf0f042,YWRtaW4=,c2VjcmV0ZQ==
sno-test-6-55,sno-experiments.rdu2.scalelab.redhat.com,52:54:00:76:06:37,10.1.61.91,25,10.1.61.126,10.1.61.0/25,10.1.36.1,redfish-virtualmedia+http://10.1.61.21:9000/redfish/v1/Systems/1d35b520-1d18-4d08-8eb3-44626fcb5223,YWRtaW4=,c2VjcmV0ZQ==
sno-test-6-56,sno-experiments.rdu2.scalelab.redhat.com,52:54:00:76:06:38,10.1.61.91,25,10.1.61.126,10.1.61.0/25,10.1.36.1,redfish-virtualmedia+http://10.1.61.21:9000/redfish/v1/Systems/35c8cd20-b49f-4c77-9cff-70349598e7bb,YWRtaW4=,c2VjcmV0ZQ==
sno-test-6-57,sno-experiments.rdu2.scalelab.redhat.com,52:54:00:76:06:39,10.1.61.91,25,10.1.61.126,10.1.61.0/25,10.1.36.1,redfish-virtualmedia+http://10.1.61.21:9000/redfish/v1/Systems/3c50acde-1fe2-43b6-ac12-5a602fd60f2d,YWRtaW4=,c2VjcmV0ZQ==
sno-test-6-58,sno-experiments.rdu2.scalelab.redhat.com,52:54:00:76:06:3a,10.1.61.91,25,10.1.61.126,10.1.61.0/25,10.1.36.1,redfish-virtualmedia+http://10.1.61.21:9000/redfish/v1/Systems/66da3fd3-9b39-48bd-91b2-417de4b859b7,YWRtaW4=,c2VjcmV0ZQ==
sno-test-6-59,sno-experiments.rdu2.scalelab.redhat.com,52:54:00:76:06:3b,10.1.61.91,25,10.1.61.126,10.1.61.0/25,10.1.36.1,redfish-virtualmedia+http://10.1.61.21:9000/redfish/v1/Systems/9b1ea597-5cf7-4955-9157-ff37f4954002,YWRtaW4=,c2VjcmV0ZQ==
sno-test-6-60,sno-experiments.rdu2.scalelab.redhat.com,52:54:00:76:06:3c,10.1.61.91,25,10.1.61.126,10.1.61.0/25,10.1.36.1,redfish-virtualmedia+http://10.1.61.21:9000/redfish/v1/Systems/c446decc-24a2-4574-9a0d-e8932772fd92,YWRtaW4=,c2VjcmV0ZQ==
sno-test-6-61,sno-experiments.rdu2.scalelab.redhat.com,52:54:00:76:06:3d,10.1.61.91,25,10.1.61.126,10.1.61.0/25,10.1.36.1,redfish-virtualmedia+http://10.1.61.21:9000/redfish/v1/Systems/68c52ea2-f23a-4d93-9969-89f667255ef3,YWRtaW4=,c2VjcmV0ZQ==
sno-test-6-62,sno-experiments.rdu2.scalelab.redhat.com,52:54:00:76:06:3e,10.1.61.91,25,10.1.61.126,10.1.61.0/25,10.1.36.1,redfish-virtualmedia+http://10.1.61.21:9000/redfish/v1/Systems/42fa3d12-dcf6-42d7-acce-7044ece8d818,YWRtaW4=,c2VjcmV0ZQ==
sno-test-6-63,sno-experiments.rdu2.scalelab.redhat.com,52:54:00:76:06:3f,10.1.61.91,25,10.1.61.126,10.1.61.0/25,10.1.36.1,redfish-virtualmedia+http://10.1.61.21:9000/redfish/v1/Systems/db0fc2ab-ad19-462e-bed1-115a5b1bab3d,YWRtaW4=,c2VjcmV0ZQ==
sno-test-6-64,sno-experiments.rdu2.scalelab.redhat.com,52:54:00:76:06:40,10.1.61.91,25,10.1.61.126,10.1.61.0/25,10.1.36.1,redfish-virtualmedia+http://10.1.61.21:9000/redfish/v1/Systems/09c552aa-ca0b-44a8-bdbc-3757fa829bae,YWRtaW4=,c2VjcmV0ZQ==
sno-test-6-65,sno-experiments.rdu2.scalelab.redhat.com,52:54:00:76:06:41,10.1.61.91,25,10.1.61.126,10.1.61.0/25,10.1.36.1,redfish-virtualmedia+http://10.1.61.21:9000/redfish/v1/Systems/37106672-a196-4cc0-8af6-84236941ae76,YWRtaW4=,c2VjcmV0ZQ==
sno-test-6-66,sno-experiments.rdu2.scalelab.redhat.com,52:54:00:76:06:42,10.1.61.91,25,10.1.61.126,10.1.61.0/25,10.1.36.1,redfish-virtualmedia+http://10.1.61.21:9000/redfish/v1/Systems/31020ea7-2d30-484e-9b05-2ad7d2501ac9,YWRtaW4=,c2VjcmV0ZQ==
sno-test-6-67,sno-experiments.rdu2.scalelab.redhat.com,52:54:00:76:06:43,10.1.61.91,25,10.1.61.126,10.1.61.0/25,10.1.36.1,redfish-virtualmedia+http://10.1.61.21:9000/redfish/v1/Systems/453316bf-3176-4bce-b114-ac3697f4be10,YWRtaW4=,c2VjcmV0ZQ==
sno-test-6-68,sno-experiments.rdu2.scalelab.redhat.com,52:54:00:76:06:44,10.1.61.91,25,10.1.61.126,10.1.61.0/25,10.1.36.1,redfish-virtualmedia+http://10.1.61.21:9000/redfish/v1/Systems/bfa90ec3-f167-448a-a542-93d4e86d06b4,YWRtaW4=,c2VjcmV0ZQ==
sno-test-6-69,sno-experiments.rdu2.scalelab.redhat.com,52:54:00:76:06:45,10.1.61.91,25,10.1.61.126,10.1.61.0/25,10.1.36.1,redfish-virtualmedia+http://10.1.61.21:9000/redfish/v1/Systems/f59e3e15-19a6-40bc-879f-5e4f64d879ab,YWRtaW4=,c2VjcmV0ZQ==
sno-test-6-70,sno-experiments.rdu2.scalelab.redhat.com,52:54:00:76:06:46,10.1.61.91,25,10.1.61.126,10.1.61.0/25,10.1.36.1,redfish-virtualmedia+http://10.1.61.21:9000/redfish/v1/Systems/27ef0a8c-c615-4df8-ac6d-d39ca0096184,YWRtaW4=,c2VjcmV0ZQ==
sno-test-6-71,sno-experiments.rdu2.scalelab.redhat.com,52:54:00:76:06:47,10.1.61.91,25,10.1.61.126,10.1.61.0/25,10.1.36.1,redfish-virtualmedia+http://10.1.61.21:9000/redfish/v1/Systems/835cd1ee-c51a-4028-bc3e-d34cfbcdf9db,YWRtaW4=,c2VjcmV0ZQ==
sno-test-6-72,sno-experiments.rdu2.scalelab.redhat.com,52:54:00:76:06:48,10.1.61.91,25,10.1.61.126,10.1.61.0/25,10.1.36.1,redfish-virtualmedia+http://10.1.61.21:9000/redfish/v1/Systems/7eb82797-6d3a-4c3f-9dba-05d090688725,YWRtaW4=,c2VjcmV0ZQ==
sno-test-6-73,sno-experiments.rdu2.scalelab.redhat.com,52:54:00:76:06:49,10.1.61.91,25,10.1.61.126,10.1.61.0/25,10.1.36.1,redfish-virtualmedia+http://10.1.61.21:9000/redfish/v1/Systems/3555d9b8-1a52-4c96-b90a-5e0e4dcb7842,YWRtaW4=,c2VjcmV0ZQ==
sno-test-6-74,sno-experiments.rdu2.scalelab.redhat.com,52:54:00:76:06:4a,10.1.61.91,25,10.1.61.126,10.1.61.0/25,10.1.36.1,redfish-virtualmedia+http://10.1.61.21:9000/redfish/v1/Systems/6d98fde7-4192-4b99-9e36-acdea3153c6c,YWRtaW4=,c2VjcmV0ZQ==
sno-test-6-75,sno-experiments.rdu2.scalelab.redhat.com,52:54:00:76:06:4b,10.1.61.91,25,10.1.61.126,10.1.61.0/25,10.1.36.1,redfish-virtualmedia+http://10.1.61.21:9000/redfish/v1/Systems/05219120-8946-44bd-8a89-1aeac635a151,YWRtaW4=,c2VjcmV0ZQ==
sno-test-6-76,sno-experiments.rdu2.scalelab.redhat.com,52:54:00:76:06:4c,10.1.61.91,25,10.1.61.126,10.1.61.0/25,10.1.36.1,redfish-virtualmedia+http://10.1.61.21:9000/redfish/v1/Systems/a33f6906-d09b-4b56-8e60-781a043f07f9,YWRtaW4=,c2VjcmV0ZQ==
sno-test-6-77,sno-experiments.rdu2.scalelab.redhat.com,52:54:00:76:06:4d,10.1.61.91,25,10.1.61.126,10.1.61.0/25,10.1.36.1,redfish-virtualmedia+http://10.1.61.21:9000/redfish/v1/Systems/412b32b3-4acc-4ec1-9f0b-3c24e948fa4d,YWRtaW4=,c2VjcmV0ZQ==
sno-test-6-78,sno-experiments.rdu2.scalelab.redhat.com,52:54:00:76:06:4e,10.1.61.91,25,10.1.61.126,10.1.61.0/25,10.1.36.1,redfish-virtualmedia+http://10.1.61.21:9000/redfish/v1/Systems/cb94bb14-417f-48ef-acf2-91a6c5e525c7,YWRtaW4=,c2VjcmV0ZQ==
sno-test-6-79,sno-experiments.rdu2.scalelab.redhat.com,52:54:00:76:06:4f,10.1.61.91,25,10.1.61.126,10.1.61.0/25,10.1.36.1,redfish-virtualmedia+http://10.1.61.21:9000/redfish/v1/Systems/c1a1f4cd-24a6-47f9-aee8-05d193babe51,YWRtaW4=,c2VjcmV0ZQ==
sno-test-6-80,sno-experiments.rdu2.scalelab.redhat.com,52:54:00:76:06:50,10.1.61.91,25,10.1.61.126,10.1.61.0/25,10.1.36.1,redfish-virtualmedia+http://10.1.61.21:9000/redfish/v1/Systems/0698520c-c514-4f2b-8675-1da26f599619,YWRtaW4=,c2VjcmV0ZQ==
sno-test-7-1,sno-experiments.rdu2.scalelab.redhat.com,52:54:00:76:07:01,10.1.61.91,25,10.1.61.126,10.1.61.0/25,10.1.36.1,redfish-virtualmedia+http://10.1.61.22:9000/redfish/v1/Systems/e67aaca2-f317-46da-a6fc-aac72c83fef9,YWRtaW4=,c2VjcmV0ZQ==
sno-test-7-2,sno-experiments.rdu2.scalelab.redhat.com,52:54:00:76:07:02,10.1.61.91,25,10.1.61.126,10.1.61.0/25,10.1.36.1,redfish-virtualmedia+http://10.1.61.22:9000/redfish/v1/Systems/10b9c690-0819-4dd9-baa2-c0264015df7d,YWRtaW4=,c2VjcmV0ZQ==
sno-test-7-3,sno-experiments.rdu2.scalelab.redhat.com,52:54:00:76:07:03,10.1.61.91,25,10.1.61.126,10.1.61.0/25,10.1.36.1,redfish-virtualmedia+http://10.1.61.22:9000/redfish/v1/Systems/23538bc3-468b-42ed-96dc-da925f646610,YWRtaW4=,c2VjcmV0ZQ==
sno-test-7-4,sno-experiments.rdu2.scalelab.redhat.com,52:54:00:76:07:04,10.1.61.91,25,10.1.61.126,10.1.61.0/25,10.1.36.1,redfish-virtualmedia+http://10.1.61.22:9000/redfish/v1/Systems/357b79d0-acc6-4330-bea7-89cdd60310db,YWRtaW4=,c2VjcmV0ZQ==
sno-test-7-5,sno-experiments.rdu2.scalelab.redhat.com,52:54:00:76:07:05,10.1.61.91,25,10.1.61.126,10.1.61.0/25,10.1.36.1,redfish-virtualmedia+http://10.1.61.22:9000/redfish/v1/Systems/ce8b94ae-096f-4d28-bb7a-d9f970fd0951,YWRtaW4=,c2VjcmV0ZQ==
sno-test-7-6,sno-experiments.rdu2.scalelab.redhat.com,52:54:00:76:07:06,10.1.61.91,25,10.1.61.126,10.1.61.0/25,10.1.36.1,redfish-virtualmedia+http://10.1.61.22:9000/redfish/v1/Systems/7350ddf5-4fd5-44b0-8e79-4d6715f819f1,YWRtaW4=,c2VjcmV0ZQ==
sno-test-7-7,sno-experiments.rdu2.scalelab.redhat.com,52:54:00:76:07:07,10.1.61.91,25,10.1.61.126,10.1.61.0/25,10.1.36.1,redfish-virtualmedia+http://10.1.61.22:9000/redfish/v1/Systems/a3b62d18-b1e3-487f-bf6e-bad57741acd1,YWRtaW4=,c2VjcmV0ZQ==
sno-test-7-8,sno-experiments.rdu2.scalelab.redhat.com,52:54:00:76:07:08,10.1.61.91,25,10.1.61.126,10.1.61.0/25,10.1.36.1,redfish-virtualmedia+http://10.1.61.22:9000/redfish/v1/Systems/5370422b-8e4f-4c74-ab3a-a9a506e9675b,YWRtaW4=,c2VjcmV0ZQ==
sno-test-7-9,sno-experiments.rdu2.scalelab.redhat.com,52:54:00:76:07:09,10.1.61.91,25,10.1.61.126,10.1.61.0/25,10.1.36.1,redfish-virtualmedia+http://10.1.61.22:9000/redfish/v1/Systems/bb31f00e-9c1c-4d60-a760-15550a80111c,YWRtaW4=,c2VjcmV0ZQ==
sno-test-7-10,sno-experiments.rdu2.scalelab.redhat.com,52:54:00:76:07:0a,10.1.61.91,25,10.1.61.126,10.1.61.0/25,10.1.36.1,redfish-virtualmedia+http://10.1.61.22:9000/redfish/v1/Systems/42b0dff3-6d97-4624-bd8a-f609d7c9b1a8,YWRtaW4=,c2VjcmV0ZQ==
sno-test-7-11,sno-experiments.rdu2.scalelab.redhat.com,52:54:00:76:07:0b,10.1.61.91,25,10.1.61.126,10.1.61.0/25,10.1.36.1,redfish-virtualmedia+http://10.1.61.22:9000/redfish/v1/Systems/03b9c174-4fde-4f8a-b8dd-64db60cfc443,YWRtaW4=,c2VjcmV0ZQ==
sno-test-7-12,sno-experiments.rdu2.scalelab.redhat.com,52:54:00:76:07:0c,10.1.61.91,25,10.1.61.126,10.1.61.0/25,10.1.36.1,redfish-virtualmedia+http://10.1.61.22:9000/redfish/v1/Systems/35f4fc31-3ad6-4984-b8f5-04ecff5dd0f4,YWRtaW4=,c2VjcmV0ZQ==
sno-test-7-13,sno-experiments.rdu2.scalelab.redhat.com,52:54:00:76:07:0d,10.1.61.91,25,10.1.61.126,10.1.61.0/25,10.1.36.1,redfish-virtualmedia+http://10.1.61.22:9000/redfish/v1/Systems/5c07af1e-3619-4282-88d0-30bf864aa24a,YWRtaW4=,c2VjcmV0ZQ==
sno-test-7-14,sno-experiments.rdu2.scalelab.redhat.com,52:54:00:76:07:0e,10.1.61.91,25,10.1.61.126,10.1.61.0/25,10.1.36.1,redfish-virtualmedia+http://10.1.61.22:9000/redfish/v1/Systems/accdbac0-81aa-4e05-b53c-58e20de19f1d,YWRtaW4=,c2VjcmV0ZQ==
sno-test-7-15,sno-experiments.rdu2.scalelab.redhat.com,52:54:00:76:07:0f,10.1.61.91,25,10.1.61.126,10.1.61.0/25,10.1.36.1,redfish-virtualmedia+http://10.1.61.22:9000/redfish/v1/Systems/d4870339-2f76-4e59-9a84-d34b43a53d31,YWRtaW4=,c2VjcmV0ZQ==
sno-test-7-16,sno-experiments.rdu2.scalelab.redhat.com,52:54:00:76:07:10,10.1.61.91,25,10.1.61.126,10.1.61.0/25,10.1.36.1,redfish-virtualmedia+http://10.1.61.22:9000/redfish/v1/Systems/fed72ba1-cb55-4a6b-80e0-4f295982e5b0,YWRtaW4=,c2VjcmV0ZQ==
sno-test-7-17,sno-experiments.rdu2.scalelab.redhat.com,52:54:00:76:07:11,10.1.61.91,25,10.1.61.126,10.1.61.0/25,10.1.36.1,redfish-virtualmedia+http://10.1.61.22:9000/redfish/v1/Systems/8f4e67e3-b1ba-4e27-93a3-7d20451ffe86,YWRtaW4=,c2VjcmV0ZQ==
sno-test-7-18,sno-experiments.rdu2.scalelab.redhat.com,52:54:00:76:07:12,10.1.61.91,25,10.1.61.126,10.1.61.0/25,10.1.36.1,redfish-virtualmedia+http://10.1.61.22:9000/redfish/v1/Systems/3819afd2-3e2f-4483-941e-5192f2c59e1e,YWRtaW4=,c2VjcmV0ZQ==
sno-test-7-19,sno-experiments.rdu2.scalelab.redhat.com,52:54:00:76:07:13,10.1.61.91,25,10.1.61.126,10.1.61.0/25,10.1.36.1,redfish-virtualmedia+http://10.1.61.22:9000/redfish/v1/Systems/35249437-4763-4671-865e-f3e408d830c5,YWRtaW4=,c2VjcmV0ZQ==
sno-test-7-20,sno-experiments.rdu2.scalelab.redhat.com,52:54:00:76:07:14,10.1.61.91,25,10.1.61.126,10.1.61.0/25,10.1.36.1,redfish-virtualmedia+http://10.1.61.22:9000/redfish/v1/Systems/fa69fb9e-6097-440c-b27a-bb1b2ce55b1d,YWRtaW4=,c2VjcmV0ZQ==
sno-test-7-21,sno-experiments.rdu2.scalelab.redhat.com,52:54:00:76:07:15,10.1.61.91,25,10.1.61.126,10.1.61.0/25,10.1.36.1,redfish-virtualmedia+http://10.1.61.22:9000/redfish/v1/Systems/c420a15d-9e92-4c0d-8acf-1a2c303ccb50,YWRtaW4=,c2VjcmV0ZQ==
sno-test-7-22,sno-experiments.rdu2.scalelab.redhat.com,52:54:00:76:07:16,10.1.61.91,25,10.1.61.126,10.1.61.0/25,10.1.36.1,redfish-virtualmedia+http://10.1.61.22:9000/redfish/v1/Systems/e2512c17-b120-4078-a135-86efacc6a94c,YWRtaW4=,c2VjcmV0ZQ==
sno-test-7-23,sno-experiments.rdu2.scalelab.redhat.com,52:54:00:76:07:17,10.1.61.91,25,10.1.61.126,10.1.61.0/25,10.1.36.1,redfish-virtualmedia+http://10.1.61.22:9000/redfish/v1/Systems/3d07cf89-125d-4848-9958-93fa511c199a,YWRtaW4=,c2VjcmV0ZQ==
sno-test-7-24,sno-experiments.rdu2.scalelab.redhat.com,52:54:00:76:07:18,10.1.61.91,25,10.1.61.126,10.1.61.0/25,10.1.36.1,redfish-virtualmedia+http://10.1.61.22:9000/redfish/v1/Systems/2b7c5dff-8ba3-41d0-8313-8236e7dc5e62,YWRtaW4=,c2VjcmV0ZQ==
sno-test-7-25,sno-experiments.rdu2.scalelab.redhat.com,52:54:00:76:07:19,10.1.61.91,25,10.1.61.126,10.1.61.0/25,10.1.36.1,redfish-virtualmedia+http://10.1.61.22:9000/redfish/v1/Systems/55dc99cd-12b0-42c7-b6ac-79700b23b42a,YWRtaW4=,c2VjcmV0ZQ==
sno-test-7-26,sno-experiments.rdu2.scalelab.redhat.com,52:54:00:76:07:1a,10.1.61.91,25,10.1.61.126,10.1.61.0/25,10.1.36.1,redfish-virtualmedia+http://10.1.61.22:9000/redfish/v1/Systems/967a23d1-e1e0-4660-acac-f615336d5ee7,YWRtaW4=,c2VjcmV0ZQ==
sno-test-7-27,sno-experiments.rdu2.scalelab.redhat.com,52:54:00:76:07:1b,10.1.61.91,25,10.1.61.126,10.1.61.0/25,10.1.36.1,redfish-virtualmedia+http://10.1.61.22:9000/redfish/v1/Systems/2621264c-08c5-411b-9030-1449524f130e,YWRtaW4=,c2VjcmV0ZQ==
sno-test-7-28,sno-experiments.rdu2.scalelab.redhat.com,52:54:00:76:07:1c,10.1.61.91,25,10.1.61.126,10.1.61.0/25,10.1.36.1,redfish-virtualmedia+http://10.1.61.22:9000/redfish/v1/Systems/75604a07-6f5b-4112-8a54-7fea5f7cb515,YWRtaW4=,c2VjcmV0ZQ==
sno-test-7-29,sno-experiments.rdu2.scalelab.redhat.com,52:54:00:76:07:1d,10.1.61.91,25,10.1.61.126,10.1.61.0/25,10.1.36.1,redfish-virtualmedia+http://10.1.61.22:9000/redfish/v1/Systems/65fa8d80-58ce-4cca-a571-4dc7668adc6b,YWRtaW4=,c2VjcmV0ZQ==
sno-test-7-30,sno-experiments.rdu2.scalelab.redhat.com,52:54:00:76:07:1e,10.1.61.91,25,10.1.61.126,10.1.61.0/25,10.1.36.1,redfish-virtualmedia+http://10.1.61.22:9000/redfish/v1/Systems/460c2e36-c083-49e1-a9c2-d676582519c2,YWRtaW4=,c2VjcmV0ZQ==
sno-test-7-31,sno-experiments.rdu2.scalelab.redhat.com,52:54:00:76:07:1f,10.1.61.91,25,10.1.61.126,10.1.61.0/25,10.1.36.1,redfish-virtualmedia+http://10.1.61.22:9000/redfish/v1/Systems/9154cb27-1cab-411a-8d35-0d8c4c5ed7be,YWRtaW4=,c2VjcmV0ZQ==
sno-test-7-32,sno-experiments.rdu2.scalelab.redhat.com,52:54:00:76:07:20,10.1.61.91,25,10.1.61.126,10.1.61.0/25,10.1.36.1,redfish-virtualmedia+http://10.1.61.22:9000/redfish/v1/Systems/d2f5010e-ba4e-4e4b-9615-c211090b64a0,YWRtaW4=,c2VjcmV0ZQ==
sno-test-7-33,sno-experiments.rdu2.scalelab.redhat.com,52:54:00:76:07:21,10.1.61.91,25,10.1.61.126,10.1.61.0/25,10.1.36.1,redfish-virtualmedia+http://10.1.61.22:9000/redfish/v1/Systems/38cc8675-259b-40d9-8df8-58b5c70d8892,YWRtaW4=,c2VjcmV0ZQ==
sno-test-7-34,sno-experiments.rdu2.scalelab.redhat.com,52:54:00:76:07:22,10.1.61.91,25,10.1.61.126,10.1.61.0/25,10.1.36.1,redfish-virtualmedia+http://10.1.61.22:9000/redfish/v1/Systems/426465cf-22c4-474a-be3c-61f556e45f8f,YWRtaW4=,c2VjcmV0ZQ==
sno-test-7-35,sno-experiments.rdu2.scalelab.redhat.com,52:54:00:76:07:23,10.1.61.91,25,10.1.61.126,10.1.61.0/25,10.1.36.1,redfish-virtualmedia+http://10.1.61.22:9000/redfish/v1/Systems/84f9ec06-bf4e-4784-b914-583b8ab73495,YWRtaW4=,c2VjcmV0ZQ==
sno-test-7-36,sno-experiments.rdu2.scalelab.redhat.com,52:54:00:76:07:24,10.1.61.91,25,10.1.61.126,10.1.61.0/25,10.1.36.1,redfish-virtualmedia+http://10.1.61.22:9000/redfish/v1/Systems/c73b3368-3801-417d-911e-0b0a0d379796,YWRtaW4=,c2VjcmV0ZQ==
sno-test-7-37,sno-experiments.rdu2.scalelab.redhat.com,52:54:00:76:07:25,10.1.61.91,25,10.1.61.126,10.1.61.0/25,10.1.36.1,redfish-virtualmedia+http://10.1.61.22:9000/redfish/v1/Systems/764ce742-729e-4601-96d0-ec74b2c49511,YWRtaW4=,c2VjcmV0ZQ==
sno-test-7-38,sno-experiments.rdu2.scalelab.redhat.com,52:54:00:76:07:26,10.1.61.91,25,10.1.61.126,10.1.61.0/25,10.1.36.1,redfish-virtualmedia+http://10.1.61.22:9000/redfish/v1/Systems/1d135d9b-5817-4d08-bc24-493a2284ec23,YWRtaW4=,c2VjcmV0ZQ==
sno-test-7-39,sno-experiments.rdu2.scalelab.redhat.com,52:54:00:76:07:27,10.1.61.91,25,10.1.61.126,10.1.61.0/25,10.1.36.1,redfish-virtualmedia+http://10.1.61.22:9000/redfish/v1/Systems/ee24ab27-515d-48d7-95e0-8399599d334d,YWRtaW4=,c2VjcmV0ZQ==
sno-test-7-40,sno-experiments.rdu2.scalelab.redhat.com,52:54:00:76:07:28,10.1.61.91,25,10.1.61.126,10.1.61.0/25,10.1.36.1,redfish-virtualmedia+http://10.1.61.22:9000/redfish/v1/Systems/3a41ba55-9aad-435f-8a45-ab50b57039d0,YWRtaW4=,c2VjcmV0ZQ==
sno-test-7-41,sno-experiments.rdu2.scalelab.redhat.com,52:54:00:76:07:29,10.1.61.91,25,10.1.61.126,10.1.61.0/25,10.1.36.1,redfish-virtualmedia+http://10.1.61.22:9000/redfish/v1/Systems/452864fd-3ecb-41c9-a0a8-24e5550578d1,YWRtaW4=,c2VjcmV0ZQ==
sno-test-7-42,sno-experiments.rdu2.scalelab.redhat.com,52:54:00:76:07:2a,10.1.61.91,25,10.1.61.126,10.1.61.0/25,10.1.36.1,redfish-virtualmedia+http://10.1.61.22:9000/redfish/v1/Systems/1a338d28-5570-4d88-a42e-7f450c5151a5,YWRtaW4=,c2VjcmV0ZQ==
sno-test-7-43,sno-experiments.rdu2.scalelab.redhat.com,52:54:00:76:07:2b,10.1.61.91,25,10.1.61.126,10.1.61.0/25,10.1.36.1,redfish-virtualmedia+http://10.1.61.22:9000/redfish/v1/Systems/0d7bdb86-6eee-4769-a7b2-9a6e7def846d,YWRtaW4=,c2VjcmV0ZQ==
sno-test-7-44,sno-experiments.rdu2.scalelab.redhat.com,52:54:00:76:07:2c,10.1.61.91,25,10.1.61.126,10.1.61.0/25,10.1.36.1,redfish-virtualmedia+http://10.1.61.22:9000/redfish/v1/Systems/8a2e45a1-94a3-49c7-8a51-dee840d059e8,YWRtaW4=,c2VjcmV0ZQ==
sno-test-7-45,sno-experiments.rdu2.scalelab.redhat.com,52:54:00:76:07:2d,10.1.61.91,25,10.1.61.126,10.1.61.0/25,10.1.36.1,redfish-virtualmedia+http://10.1.61.22:9000/redfish/v1/Systems/8ad94504-b381-4016-9d19-ffb9967d8992,YWRtaW4=,c2VjcmV0ZQ==
sno-test-7-46,sno-experiments.rdu2.scalelab.redhat.com,52:54:00:76:07:2e,10.1.61.91,25,10.1.61.126,10.1.61.0/25,10.1.36.1,redfish-virtualmedia+http://10.1.61.22:9000/redfish/v1/Systems/476e3d95-abdf-4516-a6cf-4c0d7c8371b9,YWRtaW4=,c2VjcmV0ZQ==
sno-test-7-47,sno-experiments.rdu2.scalelab.redhat.com,52:54:00:76:07:2f,10.1.61.91,25,10.1.61.126,10.1.61.0/25,10.1.36.1,redfish-virtualmedia+http://10.1.61.22:9000/redfish/v1/Systems/5376ccb3-b5c6-4d4f-abbe-323feed99d0b,YWRtaW4=,c2VjcmV0ZQ==
sno-test-7-48,sno-experiments.rdu2.scalelab.redhat.com,52:54:00:76:07:30,10.1.61.91,25,10.1.61.126,10.1.61.0/25,10.1.36.1,redfish-virtualmedia+http://10.1.61.22:9000/redfish/v1/Systems/c5aab3c6-ab8b-4331-b838-f31d7af4a32b,YWRtaW4=,c2VjcmV0ZQ==
sno-test-7-49,sno-experiments.rdu2.scalelab.redhat.com,52:54:00:76:07:31,10.1.61.91,25,10.1.61.126,10.1.61.0/25,10.1.36.1,redfish-virtualmedia+http://10.1.61.22:9000/redfish/v1/Systems/e18de3ce-89f9-452b-bd26-b43cb4a331c1,YWRtaW4=,c2VjcmV0ZQ==
sno-test-7-50,sno-experiments.rdu2.scalelab.redhat.com,52:54:00:76:07:32,10.1.61.91,25,10.1.61.126,10.1.61.0/25,10.1.36.1,redfish-virtualmedia+http://10.1.61.22:9000/redfish/v1/Systems/31fb9ca1-01e7-4b8b-a324-f3fb5f549202,YWRtaW4=,c2VjcmV0ZQ==
sno-test-7-51,sno-experiments.rdu2.scalelab.redhat.com,52:54:00:76:07:33,10.1.61.91,25,10.1.61.126,10.1.61.0/25,10.1.36.1,redfish-virtualmedia+http://10.1.61.22:9000/redfish/v1/Systems/068e5518-bc62-40b3-a984-09e23790f1f2,YWRtaW4=,c2VjcmV0ZQ==
sno-test-7-52,sno-experiments.rdu2.scalelab.redhat.com,52:54:00:76:07:34,10.1.61.91,25,10.1.61.126,10.1.61.0/25,10.1.36.1,redfish-virtualmedia+http://10.1.61.22:9000/redfish/v1/Systems/366d3cc4-8088-4709-9d2c-5c4988234e96,YWRtaW4=,c2VjcmV0ZQ==
sno-test-7-53,sno-experiments.rdu2.scalelab.redhat.com,52:54:00:76:07:35,10.1.61.91,25,10.1.61.126,10.1.61.0/25,10.1.36.1,redfish-virtualmedia+http://10.1.61.22:9000/redfish/v1/Systems/3ded5493-89ee-43bd-b098-68e1f55bcd56,YWRtaW4=,c2VjcmV0ZQ==
sno-test-7-54,sno-experiments.rdu2.scalelab.redhat.com,52:54:00:76:07:36,10.1.61.91,25,10.1.61.126,10.1.61.0/25,10.1.36.1,redfish-virtualmedia+http://10.1.61.22:9000/redfish/v1/Systems/2651b494-888e-4131-8e94-ad48c118614a,YWRtaW4=,c2VjcmV0ZQ==
sno-test-7-55,sno-experiments.rdu2.scalelab.redhat.com,52:54:00:76:07:37,10.1.61.91,25,10.1.61.126,10.1.61.0/25,10.1.36.1,redfish-virtualmedia+http://10.1.61.22:9000/redfish/v1/Systems/5124262e-cfb9-4b98-a8b4-aeeeb383599b,YWRtaW4=,c2VjcmV0ZQ==
sno-test-7-56,sno-experiments.rdu2.scalelab.redhat.com,52:54:00:76:07:38,10.1.61.91,25,10.1.61.126,10.1.61.0/25,10.1.36.1,redfish-virtualmedia+http://10.1.61.22:9000/redfish/v1/Systems/98bea008-263b-4cd2-a9c1-a9e8380cbb02,YWRtaW4=,c2VjcmV0ZQ==
sno-test-7-57,sno-experiments.rdu2.scalelab.redhat.com,52:54:00:76:07:39,10.1.61.91,25,10.1.61.126,10.1.61.0/25,10.1.36.1,redfish-virtualmedia+http://10.1.61.22:9000/redfish/v1/Systems/c726325e-8ec2-4a46-a359-268483e815d3,YWRtaW4=,c2VjcmV0ZQ==
sno-test-7-58,sno-experiments.rdu2.scalelab.redhat.com,52:54:00:76:07:3a,10.1.61.91,25,10.1.61.126,10.1.61.0/25,10.1.36.1,redfish-virtualmedia+http://10.1.61.22:9000/redfish/v1/Systems/16ec56a6-41d9-4ed5-b2a5-4bdcf6126b76,YWRtaW4=,c2VjcmV0ZQ==
sno-test-7-59,sno-experiments.rdu2.scalelab.redhat.com,52:54:00:76:07:3b,10.1.61.91,25,10.1.61.126,10.1.61.0/25,10.1.36.1,redfish-virtualmedia+http://10.1.61.22:9000/redfish/v1/Systems/38ed9116-d0d7-4341-a0fd-89132bcd222c,YWRtaW4=,c2VjcmV0ZQ==
sno-test-7-60,sno-experiments.rdu2.scalelab.redhat.com,52:54:00:76:07:3c,10.1.61.91,25,10.1.61.126,10.1.61.0/25,10.1.36.1,redfish-virtualmedia+http://10.1.61.22:9000/redfish/v1/Systems/48fef577-20f8-4267-8c98-8c8e692d50a5,YWRtaW4=,c2VjcmV0ZQ==
sno-test-7-61,sno-experiments.rdu2.scalelab.redhat.com,52:54:00:76:07:3d,10.1.61.91,25,10.1.61.126,10.1.61.0/25,10.1.36.1,redfish-virtualmedia+http://10.1.61.22:9000/redfish/v1/Systems/d487784f-ddfc-48d1-b36c-e897eec0dde5,YWRtaW4=,c2VjcmV0ZQ==
sno-test-7-62,sno-experiments.rdu2.scalelab.redhat.com,52:54:00:76:07:3e,10.1.61.91,25,10.1.61.126,10.1.61.0/25,10.1.36.1,redfish-virtualmedia+http://10.1.61.22:9000/redfish/v1/Systems/ee7e2c05-28ac-4642-9b67-525ace9961f7,YWRtaW4=,c2VjcmV0ZQ==
sno-test-7-63,sno-experiments.rdu2.scalelab.redhat.com,52:54:00:76:07:3f,10.1.61.91,25,10.1.61.126,10.1.61.0/25,10.1.36.1,redfish-virtualmedia+http://10.1.61.22:9000/redfish/v1/Systems/249fc5d3-1413-4eab-a606-b43035c9d437,YWRtaW4=,c2VjcmV0ZQ==
sno-test-7-64,sno-experiments.rdu2.scalelab.redhat.com,52:54:00:76:07:40,10.1.61.91,25,10.1.61.126,10.1.61.0/25,10.1.36.1,redfish-virtualmedia+http://10.1.61.22:9000/redfish/v1/Systems/7b906f4e-e3df-4654-9957-a89032bb339e,YWRtaW4=,c2VjcmV0ZQ==
sno-test-7-65,sno-experiments.rdu2.scalelab.redhat.com,52:54:00:76:07:41,10.1.61.91,25,10.1.61.126,10.1.61.0/25,10.1.36.1,redfish-virtualmedia+http://10.1.61.22:9000/redfish/v1/Systems/451b4986-89c6-4bd8-8d34-295a91cafa63,YWRtaW4=,c2VjcmV0ZQ==
sno-test-7-66,sno-experiments.rdu2.scalelab.redhat.com,52:54:00:76:07:42,10.1.61.91,25,10.1.61.126,10.1.61.0/25,10.1.36.1,redfish-virtualmedia+http://10.1.61.22:9000/redfish/v1/Systems/30c742b3-352b-4241-b16f-eb759c3c9971,YWRtaW4=,c2VjcmV0ZQ==
sno-test-7-67,sno-experiments.rdu2.scalelab.redhat.com,52:54:00:76:07:43,10.1.61.91,25,10.1.61.126,10.1.61.0/25,10.1.36.1,redfish-virtualmedia+http://10.1.61.22:9000/redfish/v1/Systems/ed32e6d0-bb86-43fc-b603-7d861ff4a31e,YWRtaW4=,c2VjcmV0ZQ==
sno-test-7-68,sno-experiments.rdu2.scalelab.redhat.com,52:54:00:76:07:44,10.1.61.91,25,10.1.61.126,10.1.61.0/25,10.1.36.1,redfish-virtualmedia+http://10.1.61.22:9000/redfish/v1/Systems/3cb74e46-e0f0-4a33-8b4f-d97c463e3b5d,YWRtaW4=,c2VjcmV0ZQ==
sno-test-7-69,sno-experiments.rdu2.scalelab.redhat.com,52:54:00:76:07:45,10.1.61.91,25,10.1.61.126,10.1.61.0/25,10.1.36.1,redfish-virtualmedia+http://10.1.61.22:9000/redfish/v1/Systems/1c9acd29-3b63-495a-ac57-bbd990420732,YWRtaW4=,c2VjcmV0ZQ==
sno-test-7-70,sno-experiments.rdu2.scalelab.redhat.com,52:54:00:76:07:46,10.1.61.91,25,10.1.61.126,10.1.61.0/25,10.1.36.1,redfish-virtualmedia+http://10.1.61.22:9000/redfish/v1/Systems/ec71e596-2bb1-4d24-aae9-cac269aab318,YWRtaW4=,c2VjcmV0ZQ==
sno-test-7-71,sno-experiments.rdu2.scalelab.redhat.com,52:54:00:76:07:47,10.1.61.91,25,10.1.61.126,10.1.61.0/25,10.1.36.1,redfish-virtualmedia+http://10.1.61.22:9000/redfish/v1/Systems/cb9b64a0-0d3b-4abe-84bf-927d80a0e943,YWRtaW4=,c2VjcmV0ZQ==
sno-test-7-72,sno-experiments.rdu2.scalelab.redhat.com,52:54:00:76:07:48,10.1.61.91,25,10.1.61.126,10.1.61.0/25,10.1.36.1,redfish-virtualmedia+http://10.1.61.22:9000/redfish/v1/Systems/b3bb7fe6-445e-4b8c-8eea-f53aa53c3eb5,YWRtaW4=,c2VjcmV0ZQ==
sno-test-7-73,sno-experiments.rdu2.scalelab.redhat.com,52:54:00:76:07:49,10.1.61.91,25,10.1.61.126,10.1.61.0/25,10.1.36.1,redfish-virtualmedia+http://10.1.61.22:9000/redfish/v1/Systems/60b6c6e7-dfd6-446f-b9bf-2ce439ba4608,YWRtaW4=,c2VjcmV0ZQ==
sno-test-7-74,sno-experiments.rdu2.scalelab.redhat.com,52:54:00:76:07:4a,10.1.61.91,25,10.1.61.126,10.1.61.0/25,10.1.36.1,redfish-virtualmedia+http://10.1.61.22:9000/redfish/v1/Systems/cb7c438c-6409-4ae2-8b54-29963e3c3373,YWRtaW4=,c2VjcmV0ZQ==
sno-test-7-75,sno-experiments.rdu2.scalelab.redhat.com,52:54:00:76:07:4b,10.1.61.91,25,10.1.61.126,10.1.61.0/25,10.1.36.1,redfish-virtualmedia+http://10.1.61.22:9000/redfish/v1/Systems/e1545d9c-56d0-48ec-bc93-a73447d0a70e,YWRtaW4=,c2VjcmV0ZQ==
sno-test-7-76,sno-experiments.rdu2.scalelab.redhat.com,52:54:00:76:07:4c,10.1.61.91,25,10.1.61.126,10.1.61.0/25,10.1.36.1,redfish-virtualmedia+http://10.1.61.22:9000/redfish/v1/Systems/0906276f-123e-4887-bb41-137e8ae1ea13,YWRtaW4=,c2VjcmV0ZQ==
sno-test-7-77,sno-experiments.rdu2.scalelab.redhat.com,52:54:00:76:07:4d,10.1.61.91,25,10.1.61.126,10.1.61.0/25,10.1.36.1,redfish-virtualmedia+http://10.1.61.22:9000/redfish/v1/Systems/166529bf-de7e-4081-bc67-91478bde9e29,YWRtaW4=,c2VjcmV0ZQ==
sno-test-7-78,sno-experiments.rdu2.scalelab.redhat.com,52:54:00:76:07:4e,10.1.61.91,25,10.1.61.126,10.1.61.0/25,10.1.36.1,redfish-virtualmedia+http://10.1.61.22:9000/redfish/v1/Systems/c856b601-37df-4b52-9595-defb26c158a7,YWRtaW4=,c2VjcmV0ZQ==
sno-test-7-79,sno-experiments.rdu2.scalelab.redhat.com,52:54:00:76:07:4f,10.1.61.91,25,10.1.61.126,10.1.61.0/25,10.1.36.1,redfish-virtualmedia+http://10.1.61.22:9000/redfish/v1/Systems/9e46a91a-0120-4ca5-9a1d-89fed7458d8c,YWRtaW4=,c2VjcmV0ZQ==
sno-test-7-80,sno-experiments.rdu2.scalelab.redhat.com,52:54:00:76:07:50,10.1.61.91,25,10.1.61.126,10.1.61.0/25,10.1.36.1,redfish-virtualmedia+http://10.1.61.22:9000/redfish/v1/Systems/2c36cf99-f1b7-43e2-9534-9c5366fe5d86,YWRtaW4=,c2VjcmV0ZQ==
sno-test-8-1,sno-experiments.rdu2.scalelab.redhat.com,52:54:00:76:08:01,10.1.61.91,25,10.1.61.126,10.1.61.0/25,10.1.36.1,redfish-virtualmedia+http://10.1.61.23:9000/redfish/v1/Systems/3a3294af-7281-43be-8b1e-af04d0648a78,YWRtaW4=,c2VjcmV0ZQ==
sno-test-8-2,sno-experiments.rdu2.scalelab.redhat.com,52:54:00:76:08:02,10.1.61.91,25,10.1.61.126,10.1.61.0/25,10.1.36.1,redfish-virtualmedia+http://10.1.61.23:9000/redfish/v1/Systems/d486f8f5-8b00-480b-ba1c-b82b41da50c1,YWRtaW4=,c2VjcmV0ZQ==
sno-test-8-3,sno-experiments.rdu2.scalelab.redhat.com,52:54:00:76:08:03,10.1.61.91,25,10.1.61.126,10.1.61.0/25,10.1.36.1,redfish-virtualmedia+http://10.1.61.23:9000/redfish/v1/Systems/6e5ab1cc-5dd0-4c84-9822-0cb4872d47b2,YWRtaW4=,c2VjcmV0ZQ==
sno-test-8-4,sno-experiments.rdu2.scalelab.redhat.com,52:54:00:76:08:04,10.1.61.91,25,10.1.61.126,10.1.61.0/25,10.1.36.1,redfish-virtualmedia+http://10.1.61.23:9000/redfish/v1/Systems/a4c9432d-0a2c-489d-b732-08932d840397,YWRtaW4=,c2VjcmV0ZQ==
sno-test-8-5,sno-experiments.rdu2.scalelab.redhat.com,52:54:00:76:08:05,10.1.61.91,25,10.1.61.126,10.1.61.0/25,10.1.36.1,redfish-virtualmedia+http://10.1.61.23:9000/redfish/v1/Systems/cbf970d5-f02d-426f-94d6-c84581a46426,YWRtaW4=,c2VjcmV0ZQ==
sno-test-8-6,sno-experiments.rdu2.scalelab.redhat.com,52:54:00:76:08:06,10.1.61.91,25,10.1.61.126,10.1.61.0/25,10.1.36.1,redfish-virtualmedia+http://10.1.61.23:9000/redfish/v1/Systems/05f82a5b-673d-4fe9-bb24-8ff131f7bd22,YWRtaW4=,c2VjcmV0ZQ==
sno-test-8-7,sno-experiments.rdu2.scalelab.redhat.com,52:54:00:76:08:07,10.1.61.91,25,10.1.61.126,10.1.61.0/25,10.1.36.1,redfish-virtualmedia+http://10.1.61.23:9000/redfish/v1/Systems/da8ff4fc-8d71-4ae5-beaf-d0278cc71c3b,YWRtaW4=,c2VjcmV0ZQ==
sno-test-8-8,sno-experiments.rdu2.scalelab.redhat.com,52:54:00:76:08:08,10.1.61.91,25,10.1.61.126,10.1.61.0/25,10.1.36.1,redfish-virtualmedia+http://10.1.61.23:9000/redfish/v1/Systems/73ec6a4b-6e93-4ddb-9ab4-90ab093d7397,YWRtaW4=,c2VjcmV0ZQ==
sno-test-8-9,sno-experiments.rdu2.scalelab.redhat.com,52:54:00:76:08:09,10.1.61.91,25,10.1.61.126,10.1.61.0/25,10.1.36.1,redfish-virtualmedia+http://10.1.61.23:9000/redfish/v1/Systems/98a01b51-545d-4419-b3d7-54950e1aa1f9,YWRtaW4=,c2VjcmV0ZQ==
sno-test-8-10,sno-experiments.rdu2.scalelab.redhat.com,52:54:00:76:08:0a,10.1.61.91,25,10.1.61.126,10.1.61.0/25,10.1.36.1,redfish-virtualmedia+http://10.1.61.23:9000/redfish/v1/Systems/cce99819-ffde-4626-8164-c7286d91d491,YWRtaW4=,c2VjcmV0ZQ==
sno-test-8-11,sno-experiments.rdu2.scalelab.redhat.com,52:54:00:76:08:0b,10.1.61.91,25,10.1.61.126,10.1.61.0/25,10.1.36.1,redfish-virtualmedia+http://10.1.61.23:9000/redfish/v1/Systems/96089f55-dc0d-462d-8388-5ff2f4e2e16b,YWRtaW4=,c2VjcmV0ZQ==
sno-test-8-12,sno-experiments.rdu2.scalelab.redhat.com,52:54:00:76:08:0c,10.1.61.91,25,10.1.61.126,10.1.61.0/25,10.1.36.1,redfish-virtualmedia+http://10.1.61.23:9000/redfish/v1/Systems/c7936878-f82e-4b02-9219-54175826beae,YWRtaW4=,c2VjcmV0ZQ==
sno-test-8-13,sno-experiments.rdu2.scalelab.redhat.com,52:54:00:76:08:0d,10.1.61.91,25,10.1.61.126,10.1.61.0/25,10.1.36.1,redfish-virtualmedia+http://10.1.61.23:9000/redfish/v1/Systems/76a94be1-ac6a-4be1-81f4-55db3be310ee,YWRtaW4=,c2VjcmV0ZQ==
sno-test-8-14,sno-experiments.rdu2.scalelab.redhat.com,52:54:00:76:08:0e,10.1.61.91,25,10.1.61.126,10.1.61.0/25,10.1.36.1,redfish-virtualmedia+http://10.1.61.23:9000/redfish/v1/Systems/dccc6889-069d-4676-bf5d-97d24f1c8067,YWRtaW4=,c2VjcmV0ZQ==
sno-test-8-15,sno-experiments.rdu2.scalelab.redhat.com,52:54:00:76:08:0f,10.1.61.91,25,10.1.61.126,10.1.61.0/25,10.1.36.1,redfish-virtualmedia+http://10.1.61.23:9000/redfish/v1/Systems/68fc7b60-4250-4997-9df0-323113c8a69c,YWRtaW4=,c2VjcmV0ZQ==
sno-test-8-16,sno-experiments.rdu2.scalelab.redhat.com,52:54:00:76:08:10,10.1.61.91,25,10.1.61.126,10.1.61.0/25,10.1.36.1,redfish-virtualmedia+http://10.1.61.23:9000/redfish/v1/Systems/5fa3620a-4c5d-4c75-a54a-9762c9bdc345,YWRtaW4=,c2VjcmV0ZQ==
sno-test-8-17,sno-experiments.rdu2.scalelab.redhat.com,52:54:00:76:08:11,10.1.61.91,25,10.1.61.126,10.1.61.0/25,10.1.36.1,redfish-virtualmedia+http://10.1.61.23:9000/redfish/v1/Systems/a1926bcb-483c-4276-8211-f39a00d4e9ae,YWRtaW4=,c2VjcmV0ZQ==
sno-test-8-18,sno-experiments.rdu2.scalelab.redhat.com,52:54:00:76:08:12,10.1.61.91,25,10.1.61.126,10.1.61.0/25,10.1.36.1,redfish-virtualmedia+http://10.1.61.23:9000/redfish/v1/Systems/6ab4525d-8800-430b-9c12-fa81a2e5ed83,YWRtaW4=,c2VjcmV0ZQ==
sno-test-8-19,sno-experiments.rdu2.scalelab.redhat.com,52:54:00:76:08:13,10.1.61.91,25,10.1.61.126,10.1.61.0/25,10.1.36.1,redfish-virtualmedia+http://10.1.61.23:9000/redfish/v1/Systems/82749689-6466-418b-9bd2-7b4505871e0b,YWRtaW4=,c2VjcmV0ZQ==
sno-test-8-20,sno-experiments.rdu2.scalelab.redhat.com,52:54:00:76:08:14,10.1.61.91,25,10.1.61.126,10.1.61.0/25,10.1.36.1,redfish-virtualmedia+http://10.1.61.23:9000/redfish/v1/Systems/97191ea7-42a8-45c6-8e43-18779b154a65,YWRtaW4=,c2VjcmV0ZQ==
sno-test-8-21,sno-experiments.rdu2.scalelab.redhat.com,52:54:00:76:08:15,10.1.61.91,25,10.1.61.126,10.1.61.0/25,10.1.36.1,redfish-virtualmedia+http://10.1.61.23:9000/redfish/v1/Systems/d1b5f668-1630-4d28-acae-d2d1eba56f15,YWRtaW4=,c2VjcmV0ZQ==
sno-test-8-22,sno-experiments.rdu2.scalelab.redhat.com,52:54:00:76:08:16,10.1.61.91,25,10.1.61.126,10.1.61.0/25,10.1.36.1,redfish-virtualmedia+http://10.1.61.23:9000/redfish/v1/Systems/ca415320-e3de-40dd-9311-24d48c7bf8ad,YWRtaW4=,c2VjcmV0ZQ==
sno-test-8-23,sno-experiments.rdu2.scalelab.redhat.com,52:54:00:76:08:17,10.1.61.91,25,10.1.61.126,10.1.61.0/25,10.1.36.1,redfish-virtualmedia+http://10.1.61.23:9000/redfish/v1/Systems/66893775-5297-4ea4-8645-f10a337b3bc4,YWRtaW4=,c2VjcmV0ZQ==
sno-test-8-24,sno-experiments.rdu2.scalelab.redhat.com,52:54:00:76:08:18,10.1.61.91,25,10.1.61.126,10.1.61.0/25,10.1.36.1,redfish-virtualmedia+http://10.1.61.23:9000/redfish/v1/Systems/c956dd3e-1d3a-4594-ac06-b8fe9f98a4f2,YWRtaW4=,c2VjcmV0ZQ==
sno-test-8-25,sno-experiments.rdu2.scalelab.redhat.com,52:54:00:76:08:19,10.1.61.91,25,10.1.61.126,10.1.61.0/25,10.1.36.1,redfish-virtualmedia+http://10.1.61.23:9000/redfish/v1/Systems/c6ecb877-657a-4af6-ba72-e4ca7dfea9d6,YWRtaW4=,c2VjcmV0ZQ==
sno-test-8-26,sno-experiments.rdu2.scalelab.redhat.com,52:54:00:76:08:1a,10.1.61.91,25,10.1.61.126,10.1.61.0/25,10.1.36.1,redfish-virtualmedia+http://10.1.61.23:9000/redfish/v1/Systems/5cdb6a42-6734-4ed7-b116-fe3ecde84c04,YWRtaW4=,c2VjcmV0ZQ==
sno-test-8-27,sno-experiments.rdu2.scalelab.redhat.com,52:54:00:76:08:1b,10.1.61.91,25,10.1.61.126,10.1.61.0/25,10.1.36.1,redfish-virtualmedia+http://10.1.61.23:9000/redfish/v1/Systems/ff57ca69-6841-410c-b011-52629b7c2bec,YWRtaW4=,c2VjcmV0ZQ==
sno-test-8-28,sno-experiments.rdu2.scalelab.redhat.com,52:54:00:76:08:1c,10.1.61.91,25,10.1.61.126,10.1.61.0/25,10.1.36.1,redfish-virtualmedia+http://10.1.61.23:9000/redfish/v1/Systems/c897a6f2-5fc9-4170-9407-a011e8778320,YWRtaW4=,c2VjcmV0ZQ==
sno-test-8-29,sno-experiments.rdu2.scalelab.redhat.com,52:54:00:76:08:1d,10.1.61.91,25,10.1.61.126,10.1.61.0/25,10.1.36.1,redfish-virtualmedia+http://10.1.61.23:9000/redfish/v1/Systems/5338fca4-8f12-4a54-b589-f0b12f7a944f,YWRtaW4=,c2VjcmV0ZQ==
sno-test-8-30,sno-experiments.rdu2.scalelab.redhat.com,52:54:00:76:08:1e,10.1.61.91,25,10.1.61.126,10.1.61.0/25,10.1.36.1,redfish-virtualmedia+http://10.1.61.23:9000/redfish/v1/Systems/650368be-dac2-4222-b449-38fbeb19c5d9,YWRtaW4=,c2VjcmV0ZQ==
sno-test-8-31,sno-experiments.rdu2.scalelab.redhat.com,52:54:00:76:08:1f,10.1.61.91,25,10.1.61.126,10.1.61.0/25,10.1.36.1,redfish-virtualmedia+http://10.1.61.23:9000/redfish/v1/Systems/a0f8d7bc-74f8-48b0-9ca3-d2d8de1f489f,YWRtaW4=,c2VjcmV0ZQ==
sno-test-8-32,sno-experiments.rdu2.scalelab.redhat.com,52:54:00:76:08:20,10.1.61.91,25,10.1.61.126,10.1.61.0/25,10.1.36.1,redfish-virtualmedia+http://10.1.61.23:9000/redfish/v1/Systems/dfa88eda-b525-44f2-8164-ecaad5c07e25,YWRtaW4=,c2VjcmV0ZQ==
sno-test-8-33,sno-experiments.rdu2.scalelab.redhat.com,52:54:00:76:08:21,10.1.61.91,25,10.1.61.126,10.1.61.0/25,10.1.36.1,redfish-virtualmedia+http://10.1.61.23:9000/redfish/v1/Systems/67be0af0-90e8-449a-8f57-c01fb830900a,YWRtaW4=,c2VjcmV0ZQ==
sno-test-8-34,sno-experiments.rdu2.scalelab.redhat.com,52:54:00:76:08:22,10.1.61.91,25,10.1.61.126,10.1.61.0/25,10.1.36.1,redfish-virtualmedia+http://10.1.61.23:9000/redfish/v1/Systems/65bf0c32-2398-4d95-b51e-e398dddba31f,YWRtaW4=,c2VjcmV0ZQ==
sno-test-8-35,sno-experiments.rdu2.scalelab.redhat.com,52:54:00:76:08:23,10.1.61.91,25,10.1.61.126,10.1.61.0/25,10.1.36.1,redfish-virtualmedia+http://10.1.61.23:9000/redfish/v1/Systems/b9321318-7968-4447-b3bc-47e34f3a4170,YWRtaW4=,c2VjcmV0ZQ==
sno-test-8-36,sno-experiments.rdu2.scalelab.redhat.com,52:54:00:76:08:24,10.1.61.91,25,10.1.61.126,10.1.61.0/25,10.1.36.1,redfish-virtualmedia+http://10.1.61.23:9000/redfish/v1/Systems/f01f97d7-fb13-472e-bfea-7c21a879a49f,YWRtaW4=,c2VjcmV0ZQ==
sno-test-8-37,sno-experiments.rdu2.scalelab.redhat.com,52:54:00:76:08:25,10.1.61.91,25,10.1.61.126,10.1.61.0/25,10.1.36.1,redfish-virtualmedia+http://10.1.61.23:9000/redfish/v1/Systems/28fcc10c-8c86-4962-bb5c-a8d034d17908,YWRtaW4=,c2VjcmV0ZQ==
sno-test-8-38,sno-experiments.rdu2.scalelab.redhat.com,52:54:00:76:08:26,10.1.61.91,25,10.1.61.126,10.1.61.0/25,10.1.36.1,redfish-virtualmedia+http://10.1.61.23:9000/redfish/v1/Systems/59faa409-ba39-4242-906d-6d9e7a823191,YWRtaW4=,c2VjcmV0ZQ==
sno-test-8-39,sno-experiments.rdu2.scalelab.redhat.com,52:54:00:76:08:27,10.1.61.91,25,10.1.61.126,10.1.61.0/25,10.1.36.1,redfish-virtualmedia+http://10.1.61.23:9000/redfish/v1/Systems/d05906f7-9a9d-4bad-8f7c-13db8fd9b2d4,YWRtaW4=,c2VjcmV0ZQ==
sno-test-8-40,sno-experiments.rdu2.scalelab.redhat.com,52:54:00:76:08:28,10.1.61.91,25,10.1.61.126,10.1.61.0/25,10.1.36.1,redfish-virtualmedia+http://10.1.61.23:9000/redfish/v1/Systems/f25442fe-67a7-4448-a429-b718955ae118,YWRtaW4=,c2VjcmV0ZQ==
sno-test-8-41,sno-experiments.rdu2.scalelab.redhat.com,52:54:00:76:08:29,10.1.61.91,25,10.1.61.126,10.1.61.0/25,10.1.36.1,redfish-virtualmedia+http://10.1.61.23:9000/redfish/v1/Systems/43a97f94-5063-46d9-915b-b8c5daff951c,YWRtaW4=,c2VjcmV0ZQ==
sno-test-8-42,sno-experiments.rdu2.scalelab.redhat.com,52:54:00:76:08:2a,10.1.61.91,25,10.1.61.126,10.1.61.0/25,10.1.36.1,redfish-virtualmedia+http://10.1.61.23:9000/redfish/v1/Systems/ead9b908-6814-43ac-b6ff-6f205fd7ee48,YWRtaW4=,c2VjcmV0ZQ==
sno-test-8-43,sno-experiments.rdu2.scalelab.redhat.com,52:54:00:76:08:2b,10.1.61.91,25,10.1.61.126,10.1.61.0/25,10.1.36.1,redfish-virtualmedia+http://10.1.61.23:9000/redfish/v1/Systems/87e405b1-f2cd-42ef-9845-5e6f58c35e55,YWRtaW4=,c2VjcmV0ZQ==
sno-test-8-44,sno-experiments.rdu2.scalelab.redhat.com,52:54:00:76:08:2c,10.1.61.91,25,10.1.61.126,10.1.61.0/25,10.1.36.1,redfish-virtualmedia+http://10.1.61.23:9000/redfish/v1/Systems/d91e072e-4087-4de8-b68b-df2602079699,YWRtaW4=,c2VjcmV0ZQ==
sno-test-8-45,sno-experiments.rdu2.scalelab.redhat.com,52:54:00:76:08:2d,10.1.61.91,25,10.1.61.126,10.1.61.0/25,10.1.36.1,redfish-virtualmedia+http://10.1.61.23:9000/redfish/v1/Systems/730b1a9d-e8d6-4cd9-9cee-41d74493df3e,YWRtaW4=,c2VjcmV0ZQ==
sno-test-8-46,sno-experiments.rdu2.scalelab.redhat.com,52:54:00:76:08:2e,10.1.61.91,25,10.1.61.126,10.1.61.0/25,10.1.36.1,redfish-virtualmedia+http://10.1.61.23:9000/redfish/v1/Systems/75015c40-88a5-4142-8e9f-6d304b66efd1,YWRtaW4=,c2VjcmV0ZQ==
sno-test-8-47,sno-experiments.rdu2.scalelab.redhat.com,52:54:00:76:08:2f,10.1.61.91,25,10.1.61.126,10.1.61.0/25,10.1.36.1,redfish-virtualmedia+http://10.1.61.23:9000/redfish/v1/Systems/f089698d-4d98-480a-9f20-026a470a808b,YWRtaW4=,c2VjcmV0ZQ==
sno-test-8-48,sno-experiments.rdu2.scalelab.redhat.com,52:54:00:76:08:30,10.1.61.91,25,10.1.61.126,10.1.61.0/25,10.1.36.1,redfish-virtualmedia+http://10.1.61.23:9000/redfish/v1/Systems/025eecee-5a49-48b9-b16c-45db3db691de,YWRtaW4=,c2VjcmV0ZQ==
sno-test-8-49,sno-experiments.rdu2.scalelab.redhat.com,52:54:00:76:08:31,10.1.61.91,25,10.1.61.126,10.1.61.0/25,10.1.36.1,redfish-virtualmedia+http://10.1.61.23:9000/redfish/v1/Systems/3d40d27c-7efd-4a58-8f4f-7d01592a4510,YWRtaW4=,c2VjcmV0ZQ==
sno-test-8-50,sno-experiments.rdu2.scalelab.redhat.com,52:54:00:76:08:32,10.1.61.91,25,10.1.61.126,10.1.61.0/25,10.1.36.1,redfish-virtualmedia+http://10.1.61.23:9000/redfish/v1/Systems/7febd6d4-a446-47a5-ac46-4ea1e94751f0,YWRtaW4=,c2VjcmV0ZQ==
sno-test-8-51,sno-experiments.rdu2.scalelab.redhat.com,52:54:00:76:08:33,10.1.61.91,25,10.1.61.126,10.1.61.0/25,10.1.36.1,redfish-virtualmedia+http://10.1.61.23:9000/redfish/v1/Systems/ba1e83ed-ad96-4c2b-b8b2-7603452b2ee6,YWRtaW4=,c2VjcmV0ZQ==
sno-test-8-52,sno-experiments.rdu2.scalelab.redhat.com,52:54:00:76:08:34,10.1.61.91,25,10.1.61.126,10.1.61.0/25,10.1.36.1,redfish-virtualmedia+http://10.1.61.23:9000/redfish/v1/Systems/d416145e-0d9f-468f-be5e-634d475c63c2,YWRtaW4=,c2VjcmV0ZQ==
sno-test-8-53,sno-experiments.rdu2.scalelab.redhat.com,52:54:00:76:08:35,10.1.61.91,25,10.1.61.126,10.1.61.0/25,10.1.36.1,redfish-virtualmedia+http://10.1.61.23:9000/redfish/v1/Systems/a2f34d9b-a62c-4f43-aef0-7d7d926a59c9,YWRtaW4=,c2VjcmV0ZQ==
sno-test-8-54,sno-experiments.rdu2.scalelab.redhat.com,52:54:00:76:08:36,10.1.61.91,25,10.1.61.126,10.1.61.0/25,10.1.36.1,redfish-virtualmedia+http://10.1.61.23:9000/redfish/v1/Systems/6f634337-02c1-4c2d-9731-acaab79066c9,YWRtaW4=,c2VjcmV0ZQ==
sno-test-8-55,sno-experiments.rdu2.scalelab.redhat.com,52:54:00:76:08:37,10.1.61.91,25,10.1.61.126,10.1.61.0/25,10.1.36.1,redfish-virtualmedia+http://10.1.61.23:9000/redfish/v1/Systems/237c0c5d-af0a-47d7-b15a-1ffc34a1ad7c,YWRtaW4=,c2VjcmV0ZQ==
sno-test-8-56,sno-experiments.rdu2.scalelab.redhat.com,52:54:00:76:08:38,10.1.61.91,25,10.1.61.126,10.1.61.0/25,10.1.36.1,redfish-virtualmedia+http://10.1.61.23:9000/redfish/v1/Systems/44f75686-e0c1-4df2-a5a9-d6c629984794,YWRtaW4=,c2VjcmV0ZQ==
sno-test-8-57,sno-experiments.rdu2.scalelab.redhat.com,52:54:00:76:08:39,10.1.61.91,25,10.1.61.126,10.1.61.0/25,10.1.36.1,redfish-virtualmedia+http://10.1.61.23:9000/redfish/v1/Systems/eb8150b1-6b76-46ac-9f3e-41d1bdf24c0d,YWRtaW4=,c2VjcmV0ZQ==
sno-test-8-58,sno-experiments.rdu2.scalelab.redhat.com,52:54:00:76:08:3a,10.1.61.91,25,10.1.61.126,10.1.61.0/25,10.1.36.1,redfish-virtualmedia+http://10.1.61.23:9000/redfish/v1/Systems/cb4f8817-948b-4490-89c2-565cbc80815f,YWRtaW4=,c2VjcmV0ZQ==
sno-test-8-59,sno-experiments.rdu2.scalelab.redhat.com,52:54:00:76:08:3b,10.1.61.91,25,10.1.61.126,10.1.61.0/25,10.1.36.1,redfish-virtualmedia+http://10.1.61.23:9000/redfish/v1/Systems/9a9262d1-0043-4607-942a-fb0b32b50798,YWRtaW4=,c2VjcmV0ZQ==
sno-test-8-60,sno-experiments.rdu2.scalelab.redhat.com,52:54:00:76:08:3c,10.1.61.91,25,10.1.61.126,10.1.61.0/25,10.1.36.1,redfish-virtualmedia+http://10.1.61.23:9000/redfish/v1/Systems/87655957-ac2d-411a-8915-ee28f67c9459,YWRtaW4=,c2VjcmV0ZQ==
sno-test-8-61,sno-experiments.rdu2.scalelab.redhat.com,52:54:00:76:08:3d,10.1.61.91,25,10.1.61.126,10.1.61.0/25,10.1.36.1,redfish-virtualmedia+http://10.1.61.23:9000/redfish/v1/Systems/be0cf235-a463-44cf-95bb-4231648ffc69,YWRtaW4=,c2VjcmV0ZQ==
sno-test-8-62,sno-experiments.rdu2.scalelab.redhat.com,52:54:00:76:08:3e,10.1.61.91,25,10.1.61.126,10.1.61.0/25,10.1.36.1,redfish-virtualmedia+http://10.1.61.23:9000/redfish/v1/Systems/99272a79-2a9e-404f-bd31-a398cbf7b0f2,YWRtaW4=,c2VjcmV0ZQ==
sno-test-8-63,sno-experiments.rdu2.scalelab.redhat.com,52:54:00:76:08:3f,10.1.61.91,25,10.1.61.126,10.1.61.0/25,10.1.36.1,redfish-virtualmedia+http://10.1.61.23:9000/redfish/v1/Systems/e06aa28d-64b6-4dc6-8579-f5d336ed050f,YWRtaW4=,c2VjcmV0ZQ==
sno-test-8-64,sno-experiments.rdu2.scalelab.redhat.com,52:54:00:76:08:40,10.1.61.91,25,10.1.61.126,10.1.61.0/25,10.1.36.1,redfish-virtualmedia+http://10.1.61.23:9000/redfish/v1/Systems/12e680df-e565-48db-b0b1-eefd04f74ab4,YWRtaW4=,c2VjcmV0ZQ==
sno-test-8-65,sno-experiments.rdu2.scalelab.redhat.com,52:54:00:76:08:41,10.1.61.91,25,10.1.61.126,10.1.61.0/25,10.1.36.1,redfish-virtualmedia+http://10.1.61.23:9000/redfish/v1/Systems/e0a3e954-86b4-42ce-a6de-f877c3fd7090,YWRtaW4=,c2VjcmV0ZQ==
sno-test-8-66,sno-experiments.rdu2.scalelab.redhat.com,52:54:00:76:08:42,10.1.61.91,25,10.1.61.126,10.1.61.0/25,10.1.36.1,redfish-virtualmedia+http://10.1.61.23:9000/redfish/v1/Systems/c17f5f7e-2d23-4016-874a-1f2f0fde69c1,YWRtaW4=,c2VjcmV0ZQ==
sno-test-8-67,sno-experiments.rdu2.scalelab.redhat.com,52:54:00:76:08:43,10.1.61.91,25,10.1.61.126,10.1.61.0/25,10.1.36.1,redfish-virtualmedia+http://10.1.61.23:9000/redfish/v1/Systems/2e65efc1-2cac-4e9b-bf32-a979804e8878,YWRtaW4=,c2VjcmV0ZQ==
sno-test-8-68,sno-experiments.rdu2.scalelab.redhat.com,52:54:00:76:08:44,10.1.61.91,25,10.1.61.126,10.1.61.0/25,10.1.36.1,redfish-virtualmedia+http://10.1.61.23:9000/redfish/v1/Systems/62bcaaa0-6f9b-492e-9728-f94c1521b487,YWRtaW4=,c2VjcmV0ZQ==
sno-test-8-69,sno-experiments.rdu2.scalelab.redhat.com,52:54:00:76:08:45,10.1.61.91,25,10.1.61.126,10.1.61.0/25,10.1.36.1,redfish-virtualmedia+http://10.1.61.23:9000/redfish/v1/Systems/7a4041ce-377c-41c8-b29d-0487280e272f,YWRtaW4=,c2VjcmV0ZQ==
sno-test-8-70,sno-experiments.rdu2.scalelab.redhat.com,52:54:00:76:08:46,10.1.61.91,25,10.1.61.126,10.1.61.0/25,10.1.36.1,redfish-virtualmedia+http://10.1.61.23:9000/redfish/v1/Systems/163ea657-fdd4-4879-b7a8-d3d43b2be143,YWRtaW4=,c2VjcmV0ZQ==
sno-test-8-71,sno-experiments.rdu2.scalelab.redhat.com,52:54:00:76:08:47,10.1.61.91,25,10.1.61.126,10.1.61.0/25,10.1.36.1,redfish-virtualmedia+http://10.1.61.23:9000/redfish/v1/Systems/252d4cf9-6c48-4114-8fe8-14b03f0adac1,YWRtaW4=,c2VjcmV0ZQ==
sno-test-8-72,sno-experiments.rdu2.scalelab.redhat.com,52:54:00:76:08:48,10.1.61.91,25,10.1.61.126,10.1.61.0/25,10.1.36.1,redfish-virtualmedia+http://10.1.61.23:9000/redfish/v1/Systems/81bfa314-4868-4f0d-a99c-1a19e9f690ce,YWRtaW4=,c2VjcmV0ZQ==
sno-test-8-73,sno-experiments.rdu2.scalelab.redhat.com,52:54:00:76:08:49,10.1.61.91,25,10.1.61.126,10.1.61.0/25,10.1.36.1,redfish-virtualmedia+http://10.1.61.23:9000/redfish/v1/Systems/7d1d8b19-a1d4-4979-8ad1-5f1d9bba03fd,YWRtaW4=,c2VjcmV0ZQ==
sno-test-8-74,sno-experiments.rdu2.scalelab.redhat.com,52:54:00:76:08:4a,10.1.61.91,25,10.1.61.126,10.1.61.0/25,10.1.36.1,redfish-virtualmedia+http://10.1.61.23:9000/redfish/v1/Systems/0c79c1d3-9855-4336-9394-856b58cde284,YWRtaW4=,c2VjcmV0ZQ==
sno-test-8-75,sno-experiments.rdu2.scalelab.redhat.com,52:54:00:76:08:4b,10.1.61.91,25,10.1.61.126,10.1.61.0/25,10.1.36.1,redfish-virtualmedia+http://10.1.61.23:9000/redfish/v1/Systems/7cef5ebd-94c3-47d2-8a90-19280ea5ed0a,YWRtaW4=,c2VjcmV0ZQ==
sno-test-8-76,sno-experiments.rdu2.scalelab.redhat.com,52:54:00:76:08:4c,10.1.61.91,25,10.1.61.126,10.1.61.0/25,10.1.36.1,redfish-virtualmedia+http://10.1.61.23:9000/redfish/v1/Systems/d182f3b4-e949-4dd5-a5a0-7665776c00e0,YWRtaW4=,c2VjcmV0ZQ==
sno-test-8-77,sno-experiments.rdu2.scalelab.redhat.com,52:54:00:76:08:4d,10.1.61.91,25,10.1.61.126,10.1.61.0/25,10.1.36.1,redfish-virtualmedia+http://10.1.61.23:9000/redfish/v1/Systems/f4310d7d-95bd-4eac-8789-a62a1637327f,YWRtaW4=,c2VjcmV0ZQ==
sno-test-8-78,sno-experiments.rdu2.scalelab.redhat.com,52:54:00:76:08:4e,10.1.61.91,25,10.1.61.126,10.1.61.0/25,10.1.36.1,redfish-virtualmedia+http://10.1.61.23:9000/redfish/v1/Systems/9df0f806-1e3c-4677-ba6b-84005ef28c22,YWRtaW4=,c2VjcmV0ZQ==
sno-test-8-79,sno-experiments.rdu2.scalelab.redhat.com,52:54:00:76:08:4f,10.1.61.91,25,10.1.61.126,10.1.61.0/25,10.1.36.1,redfish-virtualmedia+http://10.1.61.23:9000/redfish/v1/Systems/e98fae55-f97f-4553-baf3-e42c01520ad2,YWRtaW4=,c2VjcmV0ZQ==
sno-test-8-80,sno-experiments.rdu2.scalelab.redhat.com,52:54:00:76:08:50,10.1.61.91,25,10.1.61.126,10.1.61.0/25,10.1.36.1,redfish-virtualmedia+http://10.1.61.23:9000/redfish/v1/Systems/371c30c6-1120-4078-ad8f-3742a4299537,YWRtaW4=,c2VjcmV0ZQ==